ID_CLIENTE;ESTC;NDEP;RENDA;TIPOR;VBEM;NPARC;VPARC;TEL;IDADE;RESMS;ENTRADA;ADIMPLENTE
1;C;0;360;NP;313;9;52;N;25;48;0;N
2;S;0;350;P;468;10;65;N;33;6;0;N
3;S;0;1100;NP;829;9;125;N;56;48;0;N
4;S;0;3000;NP;552;12;76;S;31;60;0;N
5;C;0;1000;NP;809;12;111;N;24;7;0;N
6;S;0;300;NP;331;6;74;S;41;0;0;N
7;S;2;580;P;349;10;51;N;30;6;0;S
8;S;0;300;NP;416;10;64;N;48;108;0;N
9;S;0;1500;NP;688;6;148;N;59;48;0;S
10;S;1;500;P;828;18;89;N;29;6;0;N
11;S;0;2000;P;309;6;66;N;29;6;0;S
12;C;0;411;P;390;12;55;S;40;0;0;S
13;C;0;2500;NP;921;4;267;N;30;6;0;N
14;S;0;1850;NP;1137;9;185;N;48;0;0;N
15;D;0;1202;NP;552;4;119;N;61;48;119;S
16;S;0;500;P;614;10;81;N;59;6;0;S
17;S;2;500;P;347;4;101;N;44;6;0;S
18;S;0;800;P;359;6;76;N;51;6;0;S
19;C;0;2000;NP;374;1;391;N;26;48;0;N
20;S;0;300;P;309;6;66;N;30;6;0;N
21;S;0;554;P;429;10;60;N;46;6;0;S
22;V;0;602;NP;507;6;108;N;54;48;0;N
23;S;0;2500;NP;2199;12;270;N;54;48;0;N
24;S;0;1342;NP;1084;2;363;N;63;0;363;S
25;S;0;332;P;593;4;100;N;44;215;198;S
26;C;0;500;NP;552;4;119;N;62;48;119;S
27;C;0;342;P;453;10;59;N;52;6;0;S
28;S;2;632;P;365;6;78;N;49;6;0;S
29;S;0;900;NP;473;12;64;S;36;48;0;N
30;S;0;600;P;587;10;89;N;44;60;0;S
31;S;0;800;P;495;15;59;N;50;6;0;N
32;C;0;480;P;460;3;135;N;59;6;100;S
33;S;0;1300;P;349;10;51;N;45;6;0;S
34;S;0;387;NP;351;8;62;S;52;144;0;N
35;S;0;1500;NP;500;11;58;N;53;0;58;N
36;S;2;868;P;567;10;78;N;39;6;0;S
37;C;0;6000;NP;552;4;119;N;63;48;119;S
38;S;0;300;P;399;10;55;N;29;6;0;S
39;C;0;400;NP;399;6;89;N;19;24;0;N
40;S;0;2500;NP;595;6;123;N;58;48;0;S
41;S;2;1800;P;480;12;65;N;36;6;0;N
42;C;0;966;P;462;10;70;N;29;6;0;S
43;C;0;650;P;480;10;67;N;21;6;0;N
44;D;0;600;P;544;3;149;S;49;12;149;S
45;V;0;533;NP;329;6;68;N;41;48;0;N
46;C;0;800;P;345;10;53;N;45;6;0;S
47;C;0;500;NP;451;7;85;N;63;48;0;S
48;C;0;600;NP;536;12;73;N;24;36;0;N
49;C;0;312;NP;499;12;69;N;21;18;0;N
50;S;0;400;P;347;10;53;N;51;6;0;S
51;C;0;500;NP;420;10;64;S;27;0;0;N
52;S;0;1200;NP;620;6;129;N;28;48;0;N
53;S;0;450;P;440;10;67;N;35;6;0;S
54;S;0;900;P;565;12;76;N;36;6;0;N
55;S;0;315;NP;398;9;60;N;23;6;35;N
56;C;0;400;NP;440;12;60;S;24;120;0;N
57;S;0;600;P;492;6;84;N;38;6;100;S
58;S;0;388;NP;613;12;83;N;24;24;10;N
59;C;0;1500;P;984;9;140;N;34;6;117;N
60;S;0;616;NP;302;6;67;N;55;0;0;S
61;C;0;500;NP;552;4;119;N;62;48;119;S
62;C;0;1500;NP;356;2;193;N;25;48;0;N
63;C;0;592;P;415;5;100;N;53;6;0;S
64;S;0;3190;P;429;10;60;N;62;6;0;S
65;C;0;1000;NP;915;6;89;N;23;6;500;N
66;C;0;425;NP;426;4;108;N;62;48;0;S
67;S;0;470;P;747;10;103;N;65;6;0;S
68;D;0;606;NP;468;6;106;S;36;0;0;N
69;S;0;610;P;639;10;88;N;40;6;0;S
70;C;0;700;NP;618;6;140;N;33;144;0;S
71;S;0;395;NP;523;15;65;N;47;96;0;N
72;S;0;433;NP;592;12;75;N;28;0;0;N
73;S;1;450;P;466;10;68;N;42;6;0;S
74;S;0;400;P;459;12;62;N;50;6;0;N
75;S;0;400;P;618;10;89;N;42;6;0;S
76;C;0;1195;P;630;12;86;N;44;6;0;N
77;C;0;1536;NP;552;4;119;N;63;48;119;S
78;V;0;409;NP;705;15;87;S;48;360;0;N
79;C;0;500;NP;508;6;105;N;27;48;0;N
80;C;0;500;NP;401;4;118;N;20;12;0;N
81;S;0;500;P;429;9;70;N;47;6;0;S
82;C;0;824;P;515;10;78;N;22;6;0;N
83;C;2;350;P;357;4;76;N;42;6;100;S
84;S;0;310;NP;470;4;80;S;67;60;200;S
85;S;0;373;P;680;12;92;N;40;120;0;S
86;S;0;415;NP;388;8;60;N;60;0;38;S
87;S;0;580;P;349;10;51;N;50;6;0;S
88;S;0;952;NP;1086;12;154;N;57;0;0;S
89;S;0;300;NP;500;12;68;N;48;0;0;N
90;D;0;316;NP;436;12;59;N;33;12;0;N
91;S;0;1500;NP;301;2;102;N;63;0;102;S
92;S;0;1400;P;872;2;293;N;36;0;293;S
93;S;2;520;NP;616;10;98;N;33;0;0;N
94;C;0;500;NP;455;9;74;N;26;48;0;N
95;C;0;900;NP;370;6;61;S;44;17;100;N
96;S;0;5790;NP;552;4;119;N;67;48;119;S
97;C;0;693;NP;312;6;65;N;35;48;0;N
98;C;0;885;P;468;10;65;N;28;6;0;N
99;C;0;800;P;815;10;123;N;31;6;0;S
100;C;0;420;NP;828;12;70;N;19;48;0;N
101;S;0;3400;P;1629;18;175;N;53;6;0;N
102;S;0;619;NP;599;15;70;N;27;6;2;N
103;C;0;1600;NP;383;1;404;N;29;48;0;N
104;S;0;700;P;485;10;74;N;33;6;0;S
105;S;0;1200;NP;602;4;137;N;43;0;137;N
106;S;0;1700;P;314;2;107;N;39;108;107;S
107;S;0;600;P;738;10;102;N;32;6;0;N
108;C;0;300;NP;452;12;62;S;37;144;0;N
109;C;0;500;NP;450;4;114;N;45;48;0;N
110;S;2;740;P;480;10;67;N;34;6;0;N
111;D;0;1700;NP;489;11;68;N;46;48;0;N
112;S;0;850;NP;443;12;60;N;34;0;0;N
113;S;0;617;NP;464;3;116;N;63;0;116;S
114;C;0;717;NP;1056;8;187;S;55;0;0;S
115;S;0;480;P;849;3;131;N;37;6;500;S
116;S;0;600;NP;461;11;70;N;37;60;0;N
117;C;0;700;NP;378;2;202;N;21;48;0;N
118;S;0;1000;P;678;10;93;N;39;6;0;S
119;C;0;514;NP;435;6;90;N;61;48;0;S
120;S;0;400;P;546;10;83;N;35;6;0;S
121;S;0;655;P;399;10;55;N;38;6;0;S
122;S;0;300;P;459;10;70;N;46;6;0;S
123;S;0;749;P;1079;9;175;N;70;6;0;S
124;S;2;400;P;429;10;60;N;41;6;0;S
125;S;0;650;NP;805;20;88;S;62;24;0;N
126;C;0;640;NP;855;12;72;N;29;48;0;N
127;S;0;2010;P;360;2;122;S;47;100;122;S
128;C;0;600;NP;870;12;118;N;37;48;0;N
129;S;0;1500;NP;569;11;66;N;33;24;66;N
130;C;0;483;NP;786;10;108;N;32;6;0;N
131;S;0;760;NP;342;6;68;N;35;6;24;N
132;S;0;305;P;435;10;66;N;59;6;0;S
133;C;0;700;P;356;6;79;S;34;84;0;S
134;S;0;2000;NP;1662;4;334;N;56;0;334;S
135;C;0;481;P;340;10;52;N;42;6;0;S
136;C;0;300;P;349;10;51;N;40;6;0;S
137;S;0;860;NP;965;15;117;N;48;6;0;N
138;C;0;500;P;618;10;89;N;28;6;0;S
139;S;0;1200;P;489;12;66;N;30;6;0;N
140;S;0;1400;P;350;4;103;N;34;6;0;N
141;S;0;750;NP;532;2;179;N;59;0;179;S
142;C;0;5610;P;567;10;78;N;31;6;0;S
143;C;0;600;NP;399;6;88;N;23;48;0;N
144;S;0;380;P;336;10;52;N;67;6;0;S
145;S;0;735;P;415;5;62;N;22;6;159;N
146;S;0;800;P;597;9;97;N;39;6;0;S
147;C;0;450;NP;470;10;72;N;26;48;0;N
148;S;0;379;NP;599;12;82;N;35;0;0;N
149;S;1;541;P;577;10;87;N;44;6;0;S
150;C;0;1090;NP;450;10;69;S;26;0;0;N
151;C;0;2500;NP;395;3;144;N;26;48;0;N
152;S;0;1500;P;399;10;55;N;43;6;0;S
153;C;0;350;NP;399;12;54;N;32;0;0;N
154;C;0;300;NP;302;6;67;N;26;6;0;N
155;S;0;1442;NP;552;4;119;N;62;48;119;S
156;C;0;550;NP;617;8;109;N;52;144;0;N
157;C;0;790;NP;918;12;130;S;36;144;0;S
158;C;0;1000;P;370;6;79;N;39;6;0;S
159;S;0;800;P;480;10;67;N;31;6;0;S
160;C;0;620;P;427;10;65;N;22;6;0;N
161;V;0;713;P;576;3;157;S;49;288;157;S
162;S;0;400;P;345;10;53;N;68;6;0;S
163;S;0;600;NP;568;12;77;N;25;6;0;N
164;S;0;1200;P;339;6;73;N;41;6;0;N
165;C;0;448;NP;445;10;53;N;22;0;100;N
166;C;3;631;P;748;6;158;N;52;6;0;S
167;C;0;1200;NP;888;5;217;N;36;48;0;N
168;S;0;850;NP;559;10;85;N;34;6;0;N
169;S;0;1386;NP;519;11;60;N;61;24;60;S
170;C;0;1500;NP;400;1;418;N;27;48;0;N
171;S;0;500;P;348;10;53;N;35;6;0;S
172;S;3;420;P;537;10;78;N;49;6;0;S
173;S;0;300;P;519;10;72;N;33;6;0;S
174;C;0;548;NP;304;2;165;N;24;48;0;N
175;S;0;450;P;799;10;121;N;42;6;0;N
176;S;2;2000;P;480;10;67;N;61;6;0;S
177;C;0;756;NP;617;6;131;N;57;6;0;N
178;S;0;550;NP;356;3;133;S;27;17;0;N
179;C;0;720;NP;366;6;62;N;66;48;0;S
180;C;0;360;P;394;9;64;N;66;6;0;S
181;S;2;1000;P;635;4;171;N;41;6;50;S
182;C;0;350;NP;422;7;82;S;35;60;0;N
183;S;0;350;NP;480;12;66;N;50;84;0;N
184;S;0;1200;NP;458;10;71;N;52;12;0;N
185;C;0;300;NP;459;12;55;S;19;5;55;N
186;S;0;750;NP;710;10;107;N;28;6;0;N
187;S;0;3000;P;846;3;315;N;34;6;0;S
188;S;0;1000;NP;400;2;141;N;63;0;141;S
189;C;0;800;P;480;6;81;N;40;6;100;S
190;S;0;2000;NP;1167;2;391;N;63;0;391;S
191;S;0;317;P;459;12;63;S;57;264;0;S
192;S;0;500;NP;483;10;58;S;43;8;100;N
193;D;0;1533;NP;397;7;78;S;49;180;0;N
194;S;0;1500;NP;611;15;67;S;36;240;67;N
195;C;0;600;NP;583;12;80;N;63;48;0;S
196;C;0;2000;P;360;10;55;N;38;6;0;N
197;S;0;755;P;1190;12;160;N;41;6;0;S
198;S;0;300;P;537;10;78;N;32;6;0;S
199;C;0;3000;NP;400;1;418;N;26;48;0;N
200;V;0;856;NP;649;4;192;N;66;48;0;S
201;C;0;470;NP;393;6;66;N;62;48;0;S
202;V;0;400;NP;559;12;79;N;49;300;0;N
203;S;0;700;NP;402;12;56;N;28;48;0;N
204;S;0;650;NP;770;12;105;S;61;360;0;N
205;S;0;340;NP;369;12;52;N;41;0;0;N
206;S;0;709;P;429;10;60;N;47;6;0;S
207;C;0;800;P;459;10;70;N;60;6;0;S
208;C;0;800;P;459;10;70;N;48;6;0;S
209;C;0;5000;NP;2579;7;502;S;54;180;0;N
210;S;0;1727;NP;1199;3;76;N;65;48;1000;S
211;S;0;600;NP;460;6;103;N;23;12;0;N
212;C;0;546;NP;389;6;82;N;20;48;0;N
213;S;0;1922;NP;552;4;119;N;61;48;119;S
214;C;0;398;P;420;10;58;N;34;6;0;S
215;C;0;1200;NP;535;2;290;N;29;48;0;N
216;C;0;500;NP;389;6;82;N;60;48;0;S
217;C;0;360;P;384;12;52;S;41;0;0;S
218;C;0;2057;P;989;5;212;N;41;6;100;S
219;S;0;500;P;541;10;82;N;34;6;0;S
220;C;0;1200;NP;598;9;99;N;45;0;0;N
221;S;0;5800;NP;438;2;147;N;59;0;149;S
222;S;0;400;NP;389;11;54;N;29;48;0;N
223;C;0;861;P;350;10;54;N;38;6;0;S
224;C;0;1300;NP;420;5;78;S;63;0;100;S
225;C;0;368;NP;704;9;79;N;43;48;0;N
226;C;0;500;P;468;10;71;N;35;0;0;S
227;S;0;1866;P;613;12;83;S;41;12;0;S
228;S;0;800;P;392;9;50;N;35;6;81;S
229;C;0;390;NP;468;12;64;S;22;0;0;N
230;S;0;600;P;525;4;153;N;33;6;0;S
231;S;0;995;NP;880;6;160;N;58;0;160;S
232;S;0;430;NP;422;10;64;N;36;0;0;N
233;S;0;2400;NP;1233;4;247;N;60;0;250;S
234;S;0;500;P;459;10;70;N;35;6;0;S
235;S;0;2064;P;450;10;68;N;36;6;0;N
236;C;0;500;NP;410;3;152;N;27;48;0;N
237;C;0;450;NP;468;12;65;N;37;24;0;N
238;C;0;600;P;409;3;152;N;33;48;0;S
239;S;0;610;NP;365;5;61;N;62;48;61;S
240;C;0;2000;NP;984;12;83;N;37;48;0;N
241;C;0;500;NP;459;8;81;N;23;0;0;N
242;S;0;600;P;657;6;140;N;41;6;0;S
243;C;0;900;P;475;10;69;N;42;6;0;N
244;C;0;700;NP;849;6;143;N;47;48;150;N
245;S;0;700;P;375;10;57;N;33;6;0;S
246;C;0;4000;P;639;10;88;N;55;6;0;S
247;S;0;4500;P;667;10;96;N;31;6;0;N
248;S;0;600;P;780;12;78;N;40;6;200;N
249;C;0;3500;P;617;10;93;N;35;6;0;N
250;S;4;350;P;498;12;67;N;45;6;0;N
251;C;0;1830;NP;552;4;119;N;59;48;119;S
252;S;0;360;P;429;10;60;N;46;6;0;S
253;C;0;502;NP;463;4;137;N;32;48;0;N
254;C;0;4000;P;459;10;70;N;28;6;0;S
255;S;0;890;NP;556;12;76;N;28;0;0;N
256;S;0;600;NP;468;12;64;N;34;240;0;N
257;S;0;1800;NP;560;7;110;S;32;12;0;N
258;D;0;420;NP;423;12;58;N;54;0;0;S
259;S;0;1000;P;1070;4;242;S;59;156;250;S
260;S;0;700;NP;301;7;59;S;33;180;0;N
261;C;0;1015;NP;942;6;158;N;61;48;0;S
262;C;0;667;NP;557;11;64;S;32;0;64;N
263;C;0;2000;P;429;10;60;N;24;6;0;N
264;S;0;900;P;495;24;53;S;46;0;0;N
265;C;0;573;P;495;9;60;N;46;6;60;S
266;C;0;792;NP;1092;6;183;N;42;48;0;N
267;S;2;378;NP;339;10;52;N;37;6;0;N
268;S;0;6373;NP;548;3;149;N;59;48;149;S
269;C;0;320;P;1149;9;66;N;20;6;749;N
270;S;0;322;P;469;10;72;S;40;0;0;S
271;C;0;1600;NP;435;10;66;S;41;0;0;N
272;C;0;1300;P;405;4;119;N;36;6;0;S
273;C;0;380;P;635;15;75;N;20;6;0;N
274;S;0;400;P;380;6;87;N;43;6;0;S
275;S;0;735;P;519;12;70;N;39;6;0;S
276;S;0;1600;P;349;10;51;N;36;6;0;S
277;S;0;300;NP;482;12;66;N;23;0;0;N
278;C;0;601;NP;404;6;68;N;53;48;0;N
279;C;0;400;P;480;10;67;N;62;6;0;S
280;S;0;2000;NP;359;6;70;N;30;48;0;N
281;C;0;8000;NP;329;3;122;N;58;48;0;S
282;C;0;1038;NP;439;12;54;N;63;48;0;S
283;S;0;300;NP;455;12;63;S;48;120;0;N
284;C;0;453;NP;1000;12;116;N;24;48;0;N
285;D;2;600;NP;557;12;76;N;51;8;0;N
286;C;0;624;P;451;12;61;N;41;6;0;S
287;S;1;896;NP;478;15;59;N;49;144;0;N
288;C;0;2000;P;495;2;175;N;40;6;175;S
289;C;0;600;NP;409;10;63;S;45;240;0;N
290;C;0;1886;P;329;6;70;N;35;6;0;S
291;S;0;1100;P;636;10;97;S;44;180;0;S
292;S;0;800;NP;530;20;58;N;34;60;0;N
293;S;0;1509;NP;499;12;63;N;64;48;0;N
294;S;0;1000;NP;555;12;79;N;57;0;0;S
295;C;0;1238;P;806;18;87;N;44;6;0;N
296;S;0;480;P;399;6;87;N;37;6;0;S
297;S;0;1016;NP;541;5;99;N;59;48;99;S
298;S;0;300;P;455;10;69;N;46;6;0;N
299;C;0;1000;P;466;4;136;N;31;6;0;S
300;S;0;320;NP;480;12;65;S;44;0;0;N
301;S;0;2000;NP;475;2;160;N;61;0;160;S
302;S;0;300;NP;300;6;69;N;27;0;0;N
303;C;0;1500;P;480;10;67;N;38;6;0;S
304;S;0;400;NP;489;12;67;S;27;36;0;N
305;S;0;360;NP;519;15;64;N;33;228;0;N
306;C;0;907;NP;989;6;132;N;63;48;350;S
307;S;0;550;P;631;6;134;N;52;6;0;S
308;S;0;953;NP;698;6;145;N;40;48;0;N
309;S;0;600;P;329;6;72;N;35;6;0;S
310;S;4;500;NP;343;10;52;N;44;336;0;N
311;S;0;756;P;618;10;85;N;32;6;0;S
312;C;0;750;NP;499;3;182;N;30;48;0;N
313;C;0;500;NP;390;3;145;N;27;48;0;N
314;C;0;480;NP;518;12;71;N;34;30;0;N
315;S;0;1800;NP;479;10;73;S;24;1;0;N
316;C;0;500;NP;633;6;106;N;36;48;0;N
317;S;0;1903;NP;556;3;214;N;60;48;0;S
318;S;0;377;NP;561;12;77;N;64;120;0;N
319;S;3;1380;P;1074;2;360;N;38;140;360;S
320;S;0;575;NP;433;1;146;N;62;0;290;S
321;S;1;520;P;567;5;138;N;33;6;0;S
322;C;0;560;NP;829;6;142;N;30;48;142;N
323;S;3;3000;P;1944;10;266;N;41;6;0;S
324;S;0;1400;NP;450;12;61;N;36;0;0;N
325;S;0;1500;NP;1099;2;334;N;58;0;438;S
326;C;0;1500;P;457;2;248;N;36;48;0;S
327;C;0;688;P;489;10;74;N;60;6;0;S
328;S;0;786;NP;552;4;119;N;67;48;119;S
329;S;0;650;NP;464;6;103;N;48;0;0;N
330;S;0;450;NP;403;12;55;N;30;0;0;N
331;C;0;480;P;537;10;78;N;36;6;0;N
332;D;0;3500;NP;966;4;195;N;62;48;195;S
333;S;0;400;P;639;10;61;N;43;6;200;S
334;C;0;540;NP;498;6;102;N;21;48;0;N
335;C;0;521;NP;451;9;68;N;20;48;0;N
336;C;0;300;NP;558;12;76;S;40;48;0;N
337;C;0;1500;P;504;6;107;N;63;6;0;S
338;S;0;3200;P;380;4;111;N;49;6;0;S
339;S;0;432;NP;550;12;75;N;52;96;0;N
340;C;0;507;P;539;6;83;N;68;6;150;S
341;S;3;500;P;639;10;88;N;38;6;0;S
342;C;0;560;NP;640;11;77;N;38;132;100;N
343;S;0;400;NP;437;12;60;N;61;240;0;N
344;S;0;400;P;520;6;111;N;52;6;0;S
345;S;0;3000;P;438;6;93;N;38;6;0;S
346;S;0;750;NP;1290;10;177;N;28;6;0;N
347;S;0;758;P;379;12;52;N;41;6;0;S
348;C;0;1000;NP;999;12;123;N;32;48;0;N
349;S;0;400;P;348;10;51;N;27;6;0;S
350;C;0;700;P;450;9;74;N;35;6;0;N
351;C;0;729;P;495;12;67;N;24;6;0;N
352;S;0;400;NP;537;10;78;N;37;6;0;N
353;S;0;500;NP;456;10;70;N;35;120;0;N
354;C;0;320;NP;430;10;66;N;27;48;0;N
355;S;0;1000;P;599;12;81;N;49;6;0;S
356;S;0;1500;P;1000;10;151;N;26;6;0;S
357;C;0;5610;P;427;10;53;N;31;6;0;S
358;S;0;4000;P;369;10;56;N;34;6;0;S
359;V;0;400;P;479;15;59;S;41;180;0;S
360;S;0;378;NP;351;6;73;N;22;48;0;N
361;S;0;400;NP;398;6;56;N;26;0;150;N
362;C;0;450;P;479;10;73;N;28;6;0;S
363;S;0;492;P;480;10;67;N;39;6;0;S
364;S;2;564;P;618;10;89;N;34;6;0;S
365;S;0;2200;NP;2498;6;525;N;46;0;0;N
366;S;0;800;P;359;6;77;N;51;6;0;S
367;S;0;300;P;337;10;51;N;54;12;0;S
368;S;0;800;NP;510;10;78;S;35;96;0;N
369;S;0;4917;P;1645;12;220;N;66;6;0;S
370;C;0;2220;NP;747;10;103;N;19;6;0;N
371;D;0;573;P;616;12;84;N;35;48;0;S
372;S;0;980;P;661;12;89;N;41;6;0;S
373;C;0;2000;P;400;9;66;N;52;6;0;S
374;C;0;990;P;337;9;55;N;37;6;0;S
375;C;0;1500;P;525;12;71;N;44;6;0;N
376;C;0;500;NP;552;4;119;N;23;48;119;N
377;C;0;5500;P;442;1;442;N;30;0;0;N
378;S;0;900;P;464;10;71;N;39;6;0;S
379;C;0;860;P;773;6;164;N;61;6;0;S
380;C;0;1529;P;941;6;199;N;48;6;0;S
381;S;0;614;NP;389;9;51;N;63;48;51;S
382;C;0;5131;P;579;6;123;N;34;6;0;S
383;C;0;324;P;780;5;92;N;41;6;400;S
384;C;0;1350;NP;442;2;241;S;59;0;0;S
385;S;0;2500;P;455;10;69;N;29;6;0;N
386;C;0;600;NP;333;6;56;N;65;48;0;S
387;C;0;1233;NP;555;3;139;N;59;0;139;S
388;S;0;1235;NP;763;4;154;N;57;0;154;S
389;S;0;378;NP;704;8;89;N;34;0;0;N
390;S;0;5000;P;730;9;86;N;50;6;200;S
391;V;0;380;NP;448;15;56;N;59;420;0;N
392;C;0;2000;P;387;9;63;N;52;6;0;S
393;S;0;461;NP;420;12;57;N;31;6;0;N
394;C;0;1451;NP;527;3;196;N;23;48;0;N
395;C;0;450;P;500;6;107;N;28;6;0;N
396;C;0;450;P;448;10;69;S;35;0;0;S
397;C;0;720;NP;401;4;118;N;32;0;0;N
398;C;0;510;NP;410;10;63;N;31;6;0;N
399;C;0;600;NP;764;10;77;N;21;48;0;N
400;C;0;750;NP;586;10;89;N;34;6;0;N
401;C;0;390;NP;569;12;77;S;48;240;0;N
402;S;0;543;P;931;9;132;N;31;6;0;S
403;S;0;396;NP;556;12;76;N;51;36;0;N
404;S;0;450;NP;316;6;54;N;30;0;0;N
405;C;0;360;NP;399;10;61;S;41;0;0;N
406;S;0;400;P;511;10;78;N;28;6;0;S
407;C;0;1501;P;1059;10;118;N;54;6;200;S
408;C;0;757;NP;725;12;99;N;20;48;0;N
409;S;0;533;P;515;10;78;N;42;6;0;S
410;S;0;1555;NP;825;12;69;N;22;0;0;N
411;S;0;345;NP;318;6;72;N;36;0;0;N
412;S;0;895;NP;443;12;60;N;58;0;0;S
413;S;0;580;P;460;12;62;N;31;6;0;S
414;C;0;500;NP;350;3;128;N;63;48;0;S
415;C;0;450;NP;511;12;70;N;28;14;0;N
416;C;0;1529;P;630;6;133;N;48;6;0;S
417;S;0;423;P;597;12;75;N;66;6;40;N
418;S;0;411;P;459;10;64;N;41;6;0;N
419;S;0;2486;NP;549;3;208;N;62;48;0;S
420;S;0;2500;NP;829;12;102;N;32;48;0;N
421;C;0;412;P;610;12;69;N;37;36;100;S
422;S;0;500;NP;574;6;95;N;44;360;150;S
423;S;0;754;NP;698;11;97;N;60;48;0;S
424;C;0;566;NP;556;12;76;N;41;120;0;N
425;S;0;800;P;418;10;61;N;40;6;0;S
426;S;2;1500;P;849;10;117;N;38;6;0;S
427;S;0;850;NP;886;9;124;N;24;48;124;N
428;C;0;1200;NP;695;12;98;S;63;14;0;N
429;C;0;1400;P;698;3;223;N;31;6;100;S
430;C;0;590;P;894;10;123;N;63;6;0;S
431;C;0;417;NP;596;12;81;N;26;0;0;N
432;S;0;1526;NP;718;6;123;N;63;48;123;S
433;S;0;1200;P;535;10;81;N;41;6;0;N
434;C;0;480;NP;471;12;65;S;27;120;0;N
435;C;0;2000;NP;384;1;401;N;22;48;0;N
436;S;0;300;NP;529;12;58;N;34;12;100;N
437;S;0;5000;P;365;3;133;N;54;48;0;S
438;C;0;400;NP;646;10;98;S;35;14;0;N
439;D;0;490;NP;429;10;66;N;44;10;0;N
440;C;0;600;P;330;10;51;N;28;6;0;S
441;S;0;306;NP;304;9;51;N;35;0;0;N
442;C;0;1780;NP;478;2;256;N;31;48;0;N
443;C;0;600;P;849;10;117;N;55;6;0;S
444;C;0;450;P;459;10;70;N;27;6;0;S
445;S;0;1334;P;503;10;76;N;41;6;0;S
446;S;3;1500;P;560;12;76;N;48;6;0;S
447;S;0;1400;P;420;10;58;N;44;6;0;S
448;C;0;480;NP;445;12;61;N;25;24;0;N
449;S;0;631;P;469;5;76;N;48;6;157;S
450;C;0;1674;P;480;10;67;N;43;6;0;N
451;S;0;360;NP;337;10;51;S;29;60;0;N
452;S;0;1000;P;782;10;118;N;38;6;0;S
453;C;0;700;NP;348;3;129;N;64;48;0;S
454;S;0;1978;NP;485;6;102;N;59;48;0;S
455;S;0;2429;P;505;10;77;N;26;6;0;S
456;D;0;1500;NP;391;8;70;S;34;0;0;N
457;S;0;493;NP;443;12;60;N;54;0;0;N
458;C;0;600;P;800;12;107;N;28;6;0;N
459;S;0;500;P;563;10;85;N;32;6;0;S
460;S;1;600;P;347;6;74;N;44;6;0;S
461;C;0;1740;NP;400;2;168;N;60;48;100;S
462;S;0;1453;P;774;10;117;N;58;6;0;S
463;S;0;3500;P;470;5;92;S;43;24;92;S
464;S;0;600;NP;524;10;80;N;67;120;0;S
465;S;0;4000;NP;336;9;51;N;42;48;0;N
466;C;0;800;NP;336;3;125;N;25;48;0;N
467;V;0;1004;P;879;10;134;N;40;0;0;S
468;C;0;1000;NP;413;3;153;N;35;48;0;N
469;C;0;415;P;588;10;89;N;32;6;0;S
470;C;0;550;NP;805;12;109;S;33;108;0;N
471;S;0;600;NP;468;5;114;N;66;72;0;S
472;S;0;438;NP;473;12;64;N;56;0;0;S
473;C;0;3000;NP;360;1;376;N;43;48;0;N
474;S;2;709;P;399;10;55;N;33;6;0;S
475;C;0;821;NP;508;11;71;N;59;48;0;S
476;C;0;600;NP;370;10;56;S;60;0;0;S
477;S;0;411;NP;419;11;58;N;41;48;0;N
478;S;2;709;P;398;10;57;N;33;6;0;S
479;C;0;2000;NP;779;10;111;N;27;48;0;N
480;S;0;1404;NP;877;2;294;N;56;0;294;S
481;V;0;1559;NP;310;2;104;N;60;48;107;S
482;S;0;420;NP;849;18;97;S;41;180;0;N
483;C;0;750;NP;851;12;116;S;31;60;0;N
484;C;0;563;NP;599;10;91;S;31;0;0;N
485;S;0;599;P;459;10;64;N;44;6;0;S
486;V;0;741;NP;491;3;134;N;55;0;134;S
487;S;0;1500;P;556;12;75;N;27;6;0;N
488;S;0;600;NP;395;9;56;N;28;0;56;N
489;C;2;900;P;422;5;103;N;27;6;0;N
490;C;6;500;P;378;10;53;N;50;6;0;S
491;C;0;900;NP;834;6;140;N;51;48;0;N
492;C;0;350;P;459;10;70;N;46;6;0;S
493;S;1;400;P;443;10;67;N;44;6;0;S
494;S;1;1500;P;460;3;154;N;41;6;50;S
495;C;0;1419;NP;1002;12;127;N;28;48;0;N
496;S;0;1600;P;657;10;91;N;36;6;0;S
497;D;0;1500;NP;552;4;119;N;58;48;119;S
498;S;2;2000;P;747;10;103;N;34;6;0;S
499;C;0;1700;NP;669;6;139;N;65;48;0;S
500;S;0;419;NP;399;6;83;N;64;48;0;S
501;S;0;3000;P;704;7;137;S;42;60;0;S
502;S;0;500;P;345;10;53;N;40;6;0;S
503;S;0;579;NP;301;6;67;N;60;48;0;S
504;C;0;360;P;519;9;85;N;66;6;0;N
505;S;0;667;NP;638;11;89;N;67;48;0;N
506;C;0;317;NP;508;12;63;N;25;48;0;N
507;V;0;1021;NP;1386;4;279;N;62;48;279;S
508;C;0;500;P;300;6;64;N;39;6;0;S
509;S;0;460;NP;568;9;61;N;56;0;200;S
510;S;0;490;P;469;10;71;N;26;6;0;N
511;C;0;350;P;322;6;69;N;26;6;0;S
512;C;0;534;NP;443;12;60;S;31;36;0;N
513;C;0;300;NP;804;9;75;N;29;48;140;N
514;S;1;1650;P;628;12;71;N;40;6;100;N
515;S;0;851;P;618;10;89;N;60;6;0;S
516;S;0;1300;P;480;10;67;N;34;6;0;S
517;C;0;600;P;418;10;64;N;36;6;0;S
518;C;0;500;NP;318;3;118;N;30;48;0;N
519;S;0;308;NP;451;9;63;N;24;0;63;N
520;S;0;446;P;348;10;51;N;40;6;0;S
521;S;0;410;NP;442;6;81;N;21;0;81;N
522;C;0;313;P;442;15;57;S;24;24;0;N
523;C;0;2628;P;429;10;65;N;27;6;0;S
524;S;0;603;P;480;10;67;N;33;6;0;S
525;C;0;348;NP;1068;12;90;N;35;48;0;N
526;C;0;1432;P;618;10;89;N;37;6;0;N
527;S;0;300;P;480;10;67;N;43;6;0;S
528;S;0;1099;P;812;10;124;S;34;0;0;S
529;C;0;340;P;463;12;63;N;28;6;0;N
530;S;0;4000;NP;358;5;88;N;22;0;0;N
531;S;0;455;NP;901;15;111;S;50;36;0;N
532;C;0;320;NP;421;12;57;N;22;0;0;N
533;C;0;700;NP;439;12;60;S;27;0;0;N
534;S;2;1500;NP;980;10;95;N;28;6;350;N
535;C;0;1000;P;618;10;89;N;37;6;0;S
536;C;0;600;P;490;10;74;N;51;6;0;S
537;C;0;700;P;402;6;86;N;31;6;0;S
538;S;0;500;P;350;3;132;N;40;6;0;S
539;C;0;365;NP;338;9;55;N;20;36;0;N
540;S;0;470;NP;422;7;82;N;24;0;0;N
541;C;0;1500;NP;470;12;50;S;70;180;100;S
542;C;0;2000;P;432;9;71;N;34;6;0;S
543;S;0;672;NP;440;10;68;S;23;0;0;N
544;S;0;400;P;462;12;63;N;32;6;0;S
545;C;0;600;NP;643;12;87;N;28;6;0;N
546;C;0;620;NP;813;12;68;N;26;48;0;N
547;S;0;1364;NP;306;6;70;N;36;0;0;N
548;V;0;1500;NP;405;6;86;N;58;48;0;N
549;C;0;346;NP;399;4;88;N;26;4;100;N
550;S;4;360;NP;620;10;94;N;47;36;0;N
551;S;0;812;P;618;6;131;N;28;6;0;N
552;C;0;300;NP;442;10;67;N;54;60;0;N
553;S;0;580;NP;552;4;119;N;66;48;119;S
554;S;0;680;NP;881;12;121;N;26;0;0;N
555;C;0;480;NP;398;10;61;N;23;0;0;N
556;S;0;1540;P;571;10;86;N;42;6;0;S
557;C;0;700;P;369;6;79;N;28;6;0;S
558;C;0;3000;P;1810;9;96;N;34;6;1222;N
559;S;0;800;P;612;6;130;N;35;6;0;S
560;C;0;2485;P;1296;10;186;N;37;6;0;N
561;C;0;800;P;710;10;78;N;28;6;200;N
562;C;0;2220;P;321;6;69;N;46;6;0;S
563;C;0;320;NP;451;12;61;N;38;12;0;N
564;S;0;337;P;443;12;60;S;51;0;0;S
565;S;0;300;NP;650;12;88;N;38;36;0;N
566;S;0;2000;P;534;10;77;N;36;6;0;S
567;S;0;370;NP;558;12;76;N;39;0;0;N
568;S;0;450;P;525;9;86;N;26;6;0;S
569;C;0;2500;NP;552;4;119;N;57;48;119;N
570;C;0;1368;NP;330;6;75;N;46;0;0;N
571;S;0;448;NP;731;12;99;N;23;0;0;N
572;C;0;600;NP;479;6;108;N;21;0;0;N
573;S;0;300;P;368;6;62;N;40;6;80;S
574;S;0;6000;NP;849;2;305;N;55;0;305;S
575;S;0;644;NP;335;6;74;N;63;48;0;S
576;S;0;450;P;399;10;55;N;46;6;0;S
577;C;0;800;NP;317;3;118;N;50;48;0;N
578;C;0;1300;NP;657;3;244;N;27;48;0;N
579;S;0;360;NP;606;12;82;N;24;0;0;N
580;S;2;300;P;420;10;58;N;36;6;0;S
581;D;0;524;NP;335;6;70;N;63;48;0;S
582;S;1;800;P;435;10;66;N;31;6;0;S
583;D;0;450;NP;481;12;66;N;36;0;0;N
584;C;0;1560;NP;1601;10;243;S;34;72;0;N
585;C;0;505;P;480;10;67;N;34;6;0;N
586;S;0;600;P;341;6;73;N;30;6;0;S
587;S;0;5000;NP;1487;2;497;N;55;0;498;S
588;S;0;2500;NP;518;11;60;N;33;0;60;N
589;C;0;800;NP;370;3;137;N;24;48;0;N
590;C;2;650;P;537;6;113;N;30;6;0;S
591;S;0;332;NP;697;8;88;N;58;0;0;S
592;C;0;800;P;480;10;67;N;48;6;0;S
593;C;0;440;NP;553;6;105;N;54;120;80;N
594;S;0;2900;NP;1821;2;608;N;61;0;610;S
595;S;0;600;P;585;12;79;N;36;6;0;S
596;C;0;600;NP;359;2;122;N;61;48;122;S
597;C;0;929;NP;549;6;112;N;58;48;0;S
598;S;0;715;NP;424;12;54;N;28;48;0;N
599;S;0;500;P;399;10;55;N;33;6;0;S
600;S;0;600;P;410;10;63;N;32;6;0;S
601;S;0;600;P;600;6;85;N;28;6;205;S
602;S;0;1190;NP;449;6;77;N;63;48;77;S
603;S;0;400;P;338;6;73;N;42;6;0;S
604;C;0;2057;NP;366;2;198;N;35;48;0;N
605;S;0;800;P;480;10;67;N;54;6;0;S
606;S;0;380;P;679;15;80;N;50;6;0;S
607;C;0;300;NP;403;12;58;S;59;0;0;S
608;C;0;8000;NP;552;4;119;N;64;48;119;S
609;V;0;348;NP;559;12;76;S;55;0;0;S
610;C;0;600;P;507;6;108;N;26;6;0;S
611;S;0;800;P;399;10;55;N;43;6;0;N
612;S;1;350;P;499;12;68;N;32;6;0;S
613;S;3;600;P;446;12;60;N;45;6;0;N
614;S;0;2000;P;791;10;120;S;28;0;0;S
615;S;0;350;P;320;4;94;N;56;6;0;S
616;D;0;1200;NP;343;3;128;N;64;48;0;S
617;C;0;750;P;525;10;76;N;46;6;0;S
618;S;0;340;P;499;12;68;N;25;6;0;N
619;C;0;450;P;387;10;54;N;42;6;0;N
620;S;0;3000;P;922;12;124;N;36;6;0;N
621;S;0;1200;NP;598;5;148;S;50;0;0;N
622;C;0;2000;NP;1550;8;274;S;37;0;0;N
623;C;0;900;P;2005;5;169;N;33;6;1300;S
624;S;1;550;NP;728;12;99;N;26;48;0;N
625;S;0;410;NP;348;10;54;N;46;0;0;N
626;C;0;1200;P;539;9;88;N;34;6;0;S
627;C;0;465;NP;413;15;52;N;21;0;0;N
628;C;0;371;NP;341;6;58;N;26;48;0;N
629;C;0;430;NP;449;9;68;N;60;48;0;S
630;S;0;4000;P;991;10;129;N;40;6;0;N
631;S;0;400;P;398;10;58;N;39;6;0;S
632;C;0;800;P;683;9;111;N;29;6;0;S
633;S;0;400;P;606;10;92;N;35;6;0;S
634;C;0;555;NP;522;10;79;N;41;6;0;N
635;C;0;650;NP;1185;12;99;N;26;48;0;N
636;S;0;2500;NP;3017;10;302;N;38;0;0;N
637;S;0;426;NP;391;6;87;S;25;0;0;N
638;C;0;3000;NP;451;3;167;N;28;48;0;N
639;S;0;500;P;567;6;121;N;29;6;0;S
640;S;0;2000;P;849;10;117;N;61;6;0;S
641;S;0;1400;P;562;12;79;N;31;6;0;S
642;C;0;490;NP;529;11;60;N;67;48;100;S
643;S;0;330;NP;540;12;67;N;24;0;50;N
644;S;0;350;P;490;10;75;N;35;6;0;N
645;D;0;595;P;554;10;85;S;52;120;0;S
646;C;0;542;P;880;10;133;N;62;6;0;S
647;C;0;536;NP;430;3;160;N;50;48;0;N
648;S;0;766;P;1059;10;145;N;64;6;0;S
649;S;0;1800;P;361;6;77;N;47;6;0;S
650;S;0;715;NP;552;4;119;N;59;48;119;S
651;C;0;300;NP;401;10;61;S;62;12;0;S
652;C;0;652;NP;528;9;80;N;23;48;0;N
653;C;0;628;NP;459;12;63;S;22;12;0;N
654;S;0;1300;P;489;10;74;N;43;6;0;S
655;S;1;400;P;420;10;58;N;49;6;0;S
656;S;0;1500;NP;959;5;173;S;53;0;250;N
657;S;0;486;P;475;5;106;S;46;24;40;S
658;C;0;1000;NP;402;3;135;N;62;48;0;S
659;S;0;580;P;424;12;57;N;31;6;0;S
660;C;0;320;NP;497;12;68;N;21;0;0;N
661;S;0;800;NP;399;3;149;S;57;0;0;S
662;C;0;350;NP;311;6;69;N;25;60;0;N
663;S;0;300;P;578;10;76;N;40;6;0;S
664;C;0;360;NP;551;6;89;N;27;36;150;N
665;S;0;300;P;399;10;55;N;35;6;0;S
666;S;0;500;P;375;5;68;N;34;6;93;S
667;C;0;1028;NP;577;15;75;N;60;0;0;S
668;S;0;330;NP;470;9;77;N;20;6;0;N
669;S;0;753;P;639;10;88;N;30;6;0;S
670;C;0;2500;P;302;2;163;N;36;6;0;S
671;S;0;960;P;337;6;72;N;37;6;0;S
672;S;0;770;P;373;10;57;N;35;6;0;S
673;S;0;600;NP;827;12;112;N;21;0;0;N
674;S;0;839;NP;439;6;76;N;58;48;76;S
675;C;0;833;P;375;10;57;N;37;6;0;S
676;V;0;480;NP;502;12;68;N;41;120;0;N
677;S;0;500;P;567;10;78;N;37;6;0;S
678;V;0;1390;NP;552;4;119;N;61;48;119;S
679;C;0;330;P;449;12;62;N;34;0;0;S
680;S;0;600;P;849;10;117;N;32;6;0;S
681;S;3;610;P;597;10;82;N;27;6;0;S
682;S;0;400;P;546;6;116;N;32;6;0;N
683;S;1;1200;P;1149;10;158;N;42;6;0;S
684;S;0;500;P;621;9;84;N;40;6;0;S
685;S;0;3000;NP;756;9;123;S;58;300;0;N
686;S;0;690;NP;598;12;76;N;32;0;0;N
687;C;0;300;P;373;10;54;N;29;6;0;S
688;C;0;411;NP;514;12;70;N;30;108;0;N
689;S;0;604;NP;549;12;75;N;42;120;0;N
690;C;0;600;NP;477;12;65;N;31;0;0;N
691;S;0;800;P;560;6;119;N;45;6;0;S
692;S;0;1552;NP;694;4;158;N;56;0;158;S
693;S;0;1168;P;349;10;51;N;33;6;0;N
694;C;0;800;NP;689;4;85;N;36;48;400;N
695;C;0;1055;P;1059;10;128;N;32;6;130;S
696;S;3;587;P;559;12;76;N;58;6;0;S
697;C;0;1200;NP;416;6;89;N;32;6;0;N
698;S;0;550;NP;403;3;155;N;24;0;0;N
699;S;0;500;P;460;10;61;N;36;6;60;S
700;C;0;1200;NP;701;2;236;N;62;0;236;S
701;C;0;310;NP;612;12;63;S;20;39;150;N
702;S;0;720;NP;360;6;61;N;58;0;0;S
703;C;0;870;P;570;12;77;N;34;6;0;S
704;C;0;1893;NP;979;5;164;N;62;48;165;N
705;S;0;1500;P;410;12;55;N;27;6;0;N
706;V;0;499;NP;336;6;77;S;49;180;0;N
707;S;0;411;P;529;12;72;N;55;6;0;S
708;C;0;390;NP;525;15;58;S;39;36;60;N
709;S;0;1400;P;970;12;117;N;23;6;100;N
710;C;0;550;NP;429;10;65;N;20;72;0;N
711;C;0;600;NP;328;3;122;N;32;48;0;N
712;S;0;300;P;465;10;71;N;31;6;0;S
713;C;0;1500;NP;1617;12;135;N;50;48;0;N
714;S;0;867;P;885;10;122;N;38;6;0;S
715;S;0;900;NP;530;12;73;N;33;0;0;N
716;S;0;500;P;562;10;85;N;49;6;0;S
717;S;0;1050;NP;518;11;60;N;55;0;60;S
718;S;0;971;NP;300;6;56;S;65;120;50;S
719;S;0;800;NP;442;3;161;N;36;48;0;N
720;S;0;933;NP;596;4;137;S;62;12;137;S
721;C;0;300;NP;398;12;54;N;21;0;0;N
722;S;2;468;P;309;6;66;N;32;6;0;N
723;C;0;553;P;572;8;101;S;36;0;0;S
724;C;0;2000;P;550;9;90;N;35;6;0;S
725;S;0;500;P;643;8;115;N;62;60;0;S
726;V;0;617;NP;933;15;115;S;58;60;0;N
727;S;0;900;NP;558;10;86;S;40;72;0;N
728;S;0;1447;P;420;12;57;N;56;6;0;S
729;S;0;700;P;560;5;134;N;35;6;0;S
730;S;0;500;P;329;4;97;N;34;6;0;S
731;S;0;2581;NP;308;2;168;N;40;48;0;N
732;C;0;660;NP;503;3;187;N;29;48;0;N
733;C;0;500;NP;347;3;126;N;58;48;0;S
734;D;0;4005;NP;518;3;142;N;67;48;142;S
735;S;0;540;P;650;10;94;N;41;6;0;N
736;C;0;602;NP;595;6;138;S;32;24;0;N
737;C;0;3442;NP;552;4;119;N;64;48;119;S
738;C;0;1500;NP;578;12;79;S;29;0;0;N
739;S;0;1200;P;618;10;89;N;35;6;0;S
740;C;0;880;P;849;10;117;N;48;6;0;S
741;C;0;328;NP;350;10;54;N;23;0;0;S
742;C;0;1846;P;365;10;56;N;23;6;0;N
743;C;0;513;NP;412;6;70;N;36;48;0;N
744;S;0;592;P;322;6;73;S;48;252;0;S
745;S;0;700;NP;620;6;138;N;43;120;0;N
746;S;0;1750;NP;776;3;103;N;57;0;500;S
747;S;0;450;P;429;10;59;N;37;6;0;S
748;C;0;600;NP;1090;12;96;S;34;0;390;N
749;S;0;421;NP;416;10;63;N;39;0;0;N
750;C;0;486;NP;339;4;101;N;23;48;0;N
751;C;0;450;P;832;12;112;N;45;6;0;S
752;S;0;500;P;429;10;60;N;44;6;0;S
753;S;0;634;NP;931;12;127;N;29;0;0;N
754;V;0;800;NP;499;2;168;N;58;48;168;S
755;S;0;400;P;789;24;76;N;41;6;0;N
756;S;0;500;NP;501;4;148;S;24;8;0;N
757;S;0;600;P;1065;9;172;N;51;6;0;N
758;S;0;2592;NP;1087;2;364;N;62;0;364;S
759;S;0;404;P;474;12;64;N;39;6;0;S
760;S;0;300;P;359;9;59;N;39;6;0;S
761;S;0;1051;NP;829;12;102;N;38;48;0;N
762;S;0;400;NP;560;11;82;N;39;24;0;N
763;C;0;800;P;929;6;197;N;43;6;0;S
764;S;0;300;P;311;6;67;N;41;6;0;S
765;S;0;500;P;480;10;67;N;43;6;0;S
766;S;0;1000;P;849;10;117;N;39;6;0;S
767;C;0;700;P;480;10;67;N;54;6;0;S
768;S;0;1000;P;449;6;96;N;37;6;0;S
769;S;0;513;P;537;10;78;N;40;6;0;S
770;C;0;450;P;418;10;61;N;39;6;0;S
771;S;0;1620;NP;735;8;130;N;30;60;0;N
772;S;0;500;NP;804;12;109;N;39;36;0;N
773;S;0;4000;NP;444;4;96;N;59;48;96;S
774;S;0;800;NP;440;10;67;S;52;60;0;N
775;S;0;450;P;318;3;120;N;26;6;0;S
776;S;0;300;NP;391;10;60;N;25;0;0;S
777;S;0;934;NP;625;10;95;N;35;0;0;N
778;S;0;350;P;470;12;65;N;28;144;0;N
779;S;1;500;P;465;12;63;N;23;6;0;N
780;C;0;1500;NP;402;3;149;N;34;48;0;N
781;C;0;579;NP;459;12;57;N;61;48;0;S
782;C;0;800;P;618;10;89;N;41;6;0;S
783;C;2;700;P;439;10;67;N;48;6;0;S
784;S;0;500;P;360;10;55;N;36;6;0;N
785;C;0;500;NP;541;5;99;N;66;48;99;S
786;C;0;733;NP;980;10;149;N;25;0;0;N
787;C;0;649;P;311;2;69;S;40;0;190;S
788;C;0;800;NP;605;3;224;N;39;48;0;N
789;S;0;300;P;395;10;60;N;30;6;0;N
790;S;0;750;NP;376;10;57;N;32;108;0;N
791;V;0;1420;NP;592;2;211;S;65;48;211;S
792;S;0;300;NP;479;12;65;N;49;6;0;N
793;S;0;529;NP;435;6;90;N;63;48;0;N
794;S;0;1317;NP;951;6;212;N;62;60;0;S
795;S;0;1500;NP;571;3;214;N;24;2;0;N
796;C;0;500;NP;362;3;135;N;62;48;0;S
797;S;0;2000;NP;699;18;76;N;62;6;0;N
798;S;0;408;NP;453;10;70;S;25;120;0;N
799;C;0;3760;NP;731;2;246;N;60;48;246;S
800;C;0;1500;NP;409;6;85;N;38;48;0;N
801;S;0;1981;P;639;10;88;N;39;6;0;S
802;S;0;800;P;700;5;168;N;26;6;0;S
803;C;0;650;NP;333;6;74;N;21;0;0;N
804;C;0;819;P;558;24;54;N;40;6;0;S
805;S;0;450;P;618;10;85;N;54;6;0;S
806;S;0;800;P;747;10;103;N;45;6;0;S
807;C;0;1800;NP;563;3;209;N;28;48;0;N
808;C;0;453;P;439;10;64;N;23;6;0;N
809;C;0;896;NP;1003;6;208;N;62;48;0;S
810;S;0;500;P;590;6;126;N;37;6;0;S
811;S;0;929;NP;400;12;55;S;56;0;0;S
812;S;0;350;NP;595;12;81;N;19;0;0;N
813;S;0;420;P;554;9;90;N;39;6;0;S
814;S;0;558;P;549;6;117;N;32;6;0;S
815;S;0;597;NP;552;4;119;N;60;48;119;S
816;C;0;1850;NP;400;1;418;N;26;48;0;N
817;C;0;500;NP;552;4;119;N;61;48;119;S
818;S;0;1575;NP;529;6;111;N;58;48;0;S
819;S;0;1300;P;639;10;88;N;32;6;0;S
820;S;0;400;P;692;10;95;N;46;6;0;S
821;C;0;1166;NP;1120;4;329;N;62;48;0;S
822;S;0;1000;NP;776;12;105;S;30;12;0;N
823;C;0;513;P;480;12;66;S;44;60;0;S
824;C;0;1886;P;560;6;119;N;35;6;0;S
825;C;0;1079;NP;643;6;108;N;61;48;0;S
826;S;0;308;P;459;10;57;N;64;6;50;S
827;S;0;750;P;446;3;167;N;42;6;0;N
828;C;0;589;NP;473;6;105;S;28;72;0;N
829;C;0;558;P;480;10;67;N;38;6;0;N
830;S;0;483;NP;552;4;119;N;62;48;119;S
831;C;0;400;NP;558;12;77;N;19;24;0;N
832;C;0;550;NP;301;3;112;N;30;48;0;N
833;C;0;2000;NP;309;3;115;N;49;48;0;N
834;S;3;1000;P;849;10;117;N;37;6;0;S
835;S;0;300;P;398;10;58;N;33;6;0;S
836;S;0;500;NP;441;10;67;N;34;6;0;N
837;S;0;900;NP;845;15;105;S;23;36;0;N
838;S;0;778;NP;640;10;97;S;53;360;0;N
839;C;0;576;NP;719;15;89;N;37;24;0;N
840;S;0;2500;NP;516;5;99;N;64;48;99;S
841;C;0;2000;NP;557;3;207;N;29;48;0;N
842;S;0;500;P;480;10;67;N;28;6;0;S
843;C;0;983;NP;605;6;129;N;56;6;0;S
844;S;0;882;P;979;15;115;N;63;6;0;N
845;S;0;600;NP;617;12;85;N;33;0;0;N
846;S;0;1500;P;495;2;175;N;44;6;175;S
847;C;0;1500;NP;591;2;320;N;21;48;0;N
848;C;0;1000;NP;385;6;87;S;42;0;0;N
849;S;0;530;NP;414;3;113;N;57;0;113;S
850;C;0;1307;NP;757;3;283;S;19;0;0;N
851;C;0;2500;NP;636;2;344;N;36;48;0;N
852;C;0;314;NP;443;12;60;S;45;12;0;N
853;S;0;800;P;395;12;54;N;36;6;0;S
854;S;0;323;NP;375;10;58;N;33;0;0;N
855;S;0;1000;NP;712;4;77;N;39;96;450;N
856;S;0;1150;P;530;6;113;N;70;6;0;S
857;S;0;300;P;399;6;89;S;27;0;0;S
858;S;0;2100;NP;618;10;85;N;34;6;0;N
859;C;0;600;P;459;5;111;N;37;6;0;S
860;S;0;400;NP;470;6;89;N;34;180;70;N
861;S;0;2000;NP;368;10;58;N;57;0;0;S
862;C;0;600;P;301;6;65;N;30;6;0;S
863;D;0;721;NP;666;10;101;N;45;144;0;N
864;C;0;564;P;451;10;69;N;51;6;0;S
865;S;0;500;P;350;10;54;N;38;6;0;S
866;S;0;800;P;589;6;131;S;37;0;0;S
867;S;0;898;NP;552;4;119;N;61;48;119;S
868;C;0;1699;NP;1187;10;180;N;46;144;0;N
869;C;0;2000;NP;338;2;115;N;39;48;115;N
870;C;0;454;NP;735;15;79;N;24;24;100;N
871;S;0;800;NP;850;10;129;S;27;120;0;N
872;S;0;300;P;480;12;68;N;62;6;0;N
873;C;0;500;P;469;6;105;N;28;24;0;N
874;C;0;621;NP;499;10;76;S;64;120;0;N
875;C;0;4000;NP;446;3;166;N;49;48;0;N
876;S;5;600;P;651;10;98;N;53;6;0;S
877;S;0;1800;NP;543;6;111;N;57;0;0;S
878;V;0;335;NP;396;10;60;S;62;0;0;S
879;C;0;1000;NP;1281;10;196;N;24;7;0;N
880;C;0;712;NP;459;3;125;S;29;120;125;N
881;C;0;350;NP;595;11;83;N;21;48;0;N
882;S;0;400;NP;829;12;114;S;25;3;0;N
883;C;0;1200;NP;555;4;166;S;57;12;0;S
884;V;0;865;NP;426;12;58;S;56;0;0;S
885;C;0;500;NP;552;4;119;N;59;48;119;S
886;C;0;411;NP;305;4;92;N;37;240;0;N
887;S;0;1500;P;650;10;98;N;34;6;0;S
888;C;0;800;NP;363;10;55;S;40;36;0;N
889;S;0;1430;P;655;9;108;S;59;300;0;S
890;S;0;500;NP;363;4;107;S;64;24;0;S
891;S;0;1457;NP;529;3;145;N;63;48;145;S
892;C;0;1800;P;735;12;99;N;45;6;0;N
893;C;0;1800;NP;699;3;259;N;37;48;0;N
894;C;0;302;NP;352;10;51;N;27;48;0;N
895;S;0;303;NP;480;10;67;N;27;6;0;N
896;C;0;500;NP;399;5;97;S;21;0;0;N
897;C;0;360;NP;469;12;64;N;37;204;0;N
898;S;0;350;P;368;10;56;N;49;6;0;S
899;C;0;580;P;565;6;120;N;31;6;0;S
900;S;0;2000;P;615;6;131;N;45;6;0;S
901;S;0;350;NP;925;24;89;N;51;6;0;N
902;S;0;400;NP;333;4;98;N;54;96;0;N
903;C;0;360;P;537;10;78;N;46;6;0;S
904;S;0;1500;P;449;5;108;N;29;6;0;S
905;S;3;1500;P;360;10;55;N;62;6;0;N
906;V;0;578;NP;597;10;91;S;52;0;0;N
907;S;1;600;P;450;12;66;N;27;6;0;N
908;C;0;1000;NP;496;2;269;N;36;48;0;N
909;C;0;500;NP;552;4;119;N;61;48;119;S
910;S;0;1623;NP;792;2;266;N;63;48;266;S
911;C;0;330;NP;496;12;68;N;45;72;0;N
912;S;1;500;P;399;10;55;N;30;6;0;S
913;S;0;463;NP;436;10;67;N;41;72;0;N
914;S;0;1200;P;690;10;104;N;51;6;0;S
915;C;0;800;NP;446;5;90;N;40;48;0;N
916;S;0;600;NP;505;10;77;N;45;240;0;N
917;S;0;594;NP;677;12;92;N;22;0;0;N
918;C;0;500;NP;552;4;119;N;65;48;119;S
919;S;0;1800;P;543;4;160;S;35;120;0;S
920;S;0;836;NP;439;12;54;N;58;48;0;S
921;S;0;578;P;395;6;88;N;28;24;0;S
922;S;3;1800;P;690;12;93;N;39;6;0;S
923;S;0;2000;NP;499;2;168;N;29;48;168;N
924;S;0;900;NP;460;12;63;S;27;120;0;N
925;C;0;1615;NP;399;3;110;N;58;48;110;S
926;C;0;316;NP;485;12;67;N;54;0;0;S
927;C;0;300;NP;440;5;89;N;36;48;0;N
928;C;0;1550;NP;546;3;203;N;24;48;0;N
929;C;0;607;NP;483;12;66;N;22;6;0;N
930;C;0;750;NP;419;6;90;N;26;6;0;N
931;C;0;500;NP;341;6;58;N;62;48;0;S
932;S;0;1300;NP;915;12;125;S;32;0;0;N
933;C;0;1500;P;990;6;210;N;54;6;0;S
934;C;0;1674;P;558;10;84;N;43;6;0;N
935;S;0;320;NP;501;12;72;N;29;180;0;N
936;S;0;600;P;315;4;93;N;29;6;0;S
937;S;0;987;NP;638;3;213;N;61;0;0;S
938;S;0;1200;NP;796;6;168;N;30;0;0;N
939;C;0;1120;NP;897;12;122;N;22;20;0;N
940;S;0;451;P;489;9;80;N;33;6;0;S
941;S;0;700;P;433;4;128;N;28;12;0;S
942;C;0;300;P;399;10;55;N;60;6;0;S
943;S;0;1000;P;519;10;72;N;37;6;0;S
944;C;0;1697;NP;552;4;119;N;68;48;119;N
945;S;0;679;P;329;4;59;N;64;24;129;S
946;C;0;446;NP;465;10;71;N;34;120;0;N
947;C;0;1190;NP;420;6;99;S;47;120;0;N
948;C;0;301;P;490;12;66;N;41;6;0;N
949;C;0;1448;NP;599;6;133;S;60;120;0;N
950;C;0;2500;P;930;10;140;N;27;6;0;N
951;S;0;450;P;550;24;53;N;30;6;0;S
952;C;0;400;P;410;10;63;N;29;6;0;S
953;S;0;838;P;519;10;79;N;50;6;0;S
954;S;0;2500;P;618;10;89;N;43;6;0;S
955;S;0;972;NP;559;3;152;N;45;0;152;N
956;S;0;550;P;430;9;59;N;40;6;0;S
957;S;0;346;P;347;10;53;N;34;6;0;S
958;S;0;1323;NP;420;10;64;N;58;0;0;S
959;S;0;1600;NP;488;10;75;S;31;108;0;N
960;S;0;800;P;459;10;64;N;32;6;0;S
961;C;0;327;P;469;12;64;N;32;6;0;S
962;S;0;2119;NP;606;4;120;N;56;0;131;S
963;S;0;400;NP;440;12;60;N;60;12;0;S
964;S;0;800;NP;491;2;166;N;58;48;166;S
965;S;0;450;NP;392;12;54;N;28;0;0;N
966;S;0;705;NP;409;10;63;N;35;48;0;N
967;S;0;1000;P;348;10;51;N;36;6;0;S
968;C;0;400;NP;421;12;57;N;22;36;0;N
969;C;0;319;NP;537;6;90;N;24;48;0;N
970;C;0;1079;NP;631;6;141;S;27;0;0;N
971;C;0;600;P;429;12;58;N;43;6;0;S
972;S;0;300;NP;495;10;75;N;44;300;0;N
973;S;0;578;P;459;10;70;N;30;6;0;S
974;C;0;1600;NP;419;2;141;N;60;48;142;S
975;S;0;800;NP;345;5;84;N;30;0;0;N
976;S;0;500;P;390;10;60;N;37;6;0;S
977;C;0;850;NP;446;6;99;N;42;96;0;N
978;C;0;360;NP;492;12;67;S;66;96;0;S
979;S;0;500;NP;355;10;54;N;25;6;0;N
980;S;0;1860;P;782;10;118;N;37;6;0;S
981;C;0;466;NP;672;6;116;N;22;0;150;N
982;C;1;800;P;365;10;56;N;43;6;0;S
983;S;0;450;P;610;9;99;N;51;6;0;S
984;S;0;609;NP;830;10;126;N;30;0;0;N
985;S;0;820;NP;410;4;125;S;61;0;0;S
986;S;0;3000;NP;2129;2;711;N;55;0;712;S
987;C;0;600;NP;428;12;58;S;31;108;0;N
988;C;0;600;P;540;12;73;N;28;6;0;N
989;C;0;355;P;475;9;78;N;51;6;0;S
990;C;0;700;NP;359;10;55;N;58;6;0;S
991;C;0;1200;NP;317;3;116;N;27;48;0;N
992;S;0;800;P;465;15;55;N;29;6;0;S
993;S;0;2000;NP;580;18;62;N;62;6;0;N
994;S;0;650;P;639;10;88;N;22;6;0;N
995;S;0;349;NP;430;15;54;N;26;0;0;N
996;C;0;1500;NP;552;4;119;N;61;48;119;S
997;S;0;478;NP;580;9;95;N;24;0;0;N
998;C;0;650;P;600;6;65;N;32;6;300;S
999;S;0;1200;NP;899;12;89;N;63;48;200;S
1000;S;0;600;NP;450;10;54;S;38;60;100;N
1001;C;0;300;P;529;9;86;N;31;6;0;S
1002;S;0;455;NP;453;12;63;S;32;12;0;N
1003;C;0;1200;NP;366;6;62;N;43;48;0;N
1004;S;0;2500;P;418;4;122;N;28;6;0;S
1005;V;0;1800;NP;459;12;58;N;66;48;0;S
1006;C;0;426;NP;517;6;87;N;24;48;0;N
1007;S;0;300;NP;597;10;82;N;22;6;0;N
1008;C;0;1400;P;500;6;107;N;26;6;0;S
1009;S;0;1639;P;315;3;81;S;41;60;100;S
1010;S;0;1320;P;569;5;112;S;43;0;112;S
1011;S;0;2600;NP;4000;12;467;N;34;0;0;N
1012;S;1;600;P;480;10;67;N;46;6;0;S
1013;C;0;498;P;344;10;53;N;22;6;0;N
1014;S;3;627;P;979;9;126;N;37;6;200;S
1015;C;0;1076;NP;336;5;68;N;60;48;0;S
1016;C;0;600;P;735;10;111;N;27;6;0;S
1017;S;0;680;NP;769;12;105;N;36;216;0;N
1018;S;0;324;P;365;6;57;N;26;6;100;N
1019;S;0;873;P;385;6;82;N;46;6;0;S
1020;S;0;454;P;454;7;89;S;44;108;0;S
1021;D;0;6158;NP;552;4;119;N;64;48;119;S
1022;C;0;400;NP;379;4;83;N;29;0;100;N
1023;S;0;380;P;480;6;102;N;21;6;0;N
1024;S;0;300;P;468;10;64;N;31;6;0;S
1025;S;0;2759;NP;698;12;86;N;64;48;0;S
1026;S;0;320;NP;470;12;64;N;26;12;0;N
1027;C;0;920;NP;700;12;99;S;37;192;0;N
1028;S;0;1107;NP;689;6;120;N;41;0;150;N
1029;C;0;800;P;407;5;100;S;41;0;0;S
1030;S;0;480;NP;681;20;74;N;33;24;0;N
1031;S;0;2615;NP;459;2;162;N;64;48;162;S
1032;S;0;905;P;398;6;84;N;31;6;0;N
1033;S;0;600;P;346;10;51;N;40;6;0;S
1034;C;0;300;P;470;10;72;N;37;6;0;N
1035;C;0;480;P;658;12;89;S;52;144;0;S
1036;S;0;500;P;479;6;55;N;39;6;200;S
1037;S;0;400;P;546;10;83;N;30;6;0;S
1038;C;0;830;P;546;10;83;N;51;6;0;S
1039;S;0;2000;P;590;4;129;N;36;6;150;S
1040;C;0;3000;NP;329;3;122;N;40;48;0;N
1041;C;0;689;NP;779;12;96;N;47;48;0;N
1042;S;0;640;P;370;3;138;N;38;132;0;S
1043;S;0;435;P;531;10;63;N;22;6;115;N
1044;V;0;7260;NP;399;3;151;N;67;48;0;S
1045;S;0;1000;P;639;10;68;N;37;6;150;S
1046;C;0;640;NP;301;4;90;N;67;48;0;S
1047;S;0;417;P;425;12;58;N;35;6;0;N
1048;S;0;300;P;463;10;70;N;37;6;0;S
1049;C;0;1500;P;416;1;145;N;52;6;280;S
1050;C;0;877;NP;771;5;103;N;39;48;257;N
1051;S;0;550;NP;369;10;57;N;33;12;0;N
1052;S;0;470;P;357;4;105;N;42;24;0;S
1053;S;0;774;P;305;6;68;S;43;72;0;S
1054;C;0;1052;NP;417;3;155;N;44;48;0;N
1055;S;0;479;NP;458;12;62;N;55;192;0;N
1056;S;0;500;P;810;6;130;N;30;6;200;N
1057;C;0;336;P;479;9;78;N;30;6;0;S
1058;S;0;331;NP;549;12;75;N;22;12;0;N
1059;C;0;2251;NP;552;4;119;N;59;48;119;S
1060;S;0;1111;P;309;6;66;N;54;6;0;S
1061;S;0;519;P;431;9;70;S;41;156;0;S
1062;S;3;350;P;639;10;75;N;35;6;100;S
1063;C;0;400;P;429;10;60;N;24;6;0;N
1064;C;0;520;NP;719;15;89;N;28;6;0;N
1065;C;0;600;NP;396;6;89;N;25;60;0;N
1066;S;0;497;P;325;9;56;N;48;6;0;S
1067;S;0;600;NP;517;6;110;N;58;48;0;S
1068;S;0;700;NP;637;3;174;N;25;48;174;S
1069;S;0;1100;P;378;4;111;N;43;6;0;S
1070;S;0;692;P;459;10;70;N;64;6;0;S
1071;C;0;350;NP;369;9;52;N;64;24;52;S
1072;S;0;688;NP;552;4;119;N;59;48;119;S
1073;C;0;360;P;638;9;104;N;66;6;0;S
1074;S;0;540;NP;552;4;119;N;38;48;119;N
1075;S;0;1000;NP;687;12;93;N;57;0;0;S
1076;S;0;350;NP;488;12;66;N;24;0;0;N
1077;D;0;800;NP;598;6;135;N;58;24;0;N
1078;C;0;1073;P;340;10;52;N;40;6;0;S
1079;S;0;460;NP;398;6;56;N;54;0;150;S
1080;S;0;700;NP;818;10;125;N;56;0;0;S
1081;S;0;663;P;429;10;60;N;49;6;0;S
1082;S;0;350;NP;583;6;98;N;23;0;0;N
1083;C;0;1034;P;429;10;60;N;60;6;0;S
1084;D;0;1000;P;552;6;124;S;57;360;0;S
1085;C;0;356;NP;404;9;63;N;32;48;0;N
1086;C;0;2708;NP;364;1;384;N;27;48;0;N
1087;S;0;2000;P;567;10;78;N;37;6;0;S
1088;C;0;500;NP;311;3;114;N;23;48;0;N
1089;S;0;4000;NP;994;2;333;N;55;0;333;S
1090;C;0;350;NP;528;6;89;N;25;48;0;N
1091;C;0;850;NP;514;12;70;S;49;0;0;N
1092;V;0;566;NP;703;12;96;N;47;144;0;N
1093;C;0;480;NP;576;12;78;S;50;24;0;N
1094;V;0;800;NP;632;12;78;S;37;36;78;N
1095;C;0;500;P;555;6;118;N;33;6;0;S
1096;C;0;2313;NP;699;9;105;N;64;48;0;S
1097;C;0;650;P;868;5;84;N;38;6;522;S
1098;V;0;500;NP;428;15;54;N;43;4;0;N
1099;S;0;1100;NP;567;5;95;N;56;0;95;S
1100;S;0;590;P;396;6;88;N;52;264;0;S
1101;C;0;300;NP;380;6;85;S;21;0;0;N
1102;S;0;899;NP;580;12;71;N;55;0;60;S
1103;C;0;473;NP;591;6;99;N;62;48;0;N
1104;C;0;4000;NP;583;3;160;S;38;24;160;N
1105;S;0;360;P;435;10;66;N;46;6;0;S
1106;S;0;386;NP;425;8;76;N;69;180;0;N
1107;C;0;500;P;376;6;80;N;24;6;0;N
1108;C;0;1054;NP;705;4;142;N;59;48;142;S
1109;C;0;852;NP;1067;10;169;S;20;0;0;N
1110;S;0;600;NP;445;10;68;N;57;12;0;N
1111;C;0;397;NP;403;10;61;S;40;0;0;N
1112;C;0;900;P;625;10;95;N;34;6;0;S
1113;C;0;800;NP;495;2;175;N;35;6;175;N
1114;S;0;470;NP;659;12;90;N;23;13;0;N
1115;C;0;2500;P;302;2;163;N;36;6;0;S
1116;C;0;5610;P;600;10;75;N;31;6;0;S
1117;V;0;1359;NP;601;6;125;N;63;48;0;S
1118;S;0;1200;P;305;3;115;S;35;108;0;S
1119;C;0;1195;P;1554;12;211;N;44;6;0;N
1120;S;0;308;P;393;12;54;N;63;72;0;S
1121;C;0;980;NP;393;3;143;N;24;48;0;N
1122;D;0;385;NP;659;12;72;N;61;48;72;S
1123;C;0;560;P;376;10;55;N;29;6;0;S
1124;S;0;1400;P;514;2;173;N;40;119;173;S
1125;C;0;300;P;410;9;67;N;30;6;0;S
1126;C;0;1500;NP;475;10;72;S;49;60;0;N
1127;S;0;4842;P;567;10;78;N;45;6;0;S
1128;S;0;1118;P;397;2;217;N;42;6;0;S
1129;S;0;380;P;365;10;56;N;20;6;0;N
1130;S;0;500;NP;441;10;67;N;34;6;0;N
1131;S;0;1107;NP;689;6;98;N;41;0;150;N
1132;C;0;736;P;423;9;69;N;52;6;0;S
1133;S;0;500;NP;588;6;133;N;31;0;0;N
1134;S;0;750;P;849;10;117;N;31;6;0;S
1135;C;0;747;NP;552;4;119;N;61;48;119;S
1136;C;0;301;NP;466;12;63;N;36;96;0;N
1137;S;7;300;P;558;12;75;N;56;6;0;S
1138;C;0;1527;NP;1899;12;233;N;32;48;0;N
1139;S;0;550;NP;546;9;94;N;27;0;0;N
1140;C;0;800;NP;310;3;113;N;26;48;0;N
1141;C;0;546;NP;474;10;72;N;34;240;0;N
1142;C;0;566;NP;685;12;87;N;24;48;0;N
1143;S;0;2190;P;399;6;91;S;42;96;0;S
1144;C;0;444;P;480;10;53;N;52;6;100;S
1145;C;0;1500;P;484;3;132;S;32;12;132;S
1146;S;0;600;P;403;12;56;S;32;0;0;S
1147;S;0;400;P;559;12;76;N;27;6;0;S
1148;S;2;850;P;335;6;72;N;26;6;0;N
1149;S;0;400;P;747;10;62;N;38;6;300;N
1150;S;0;1300;NP;481;11;60;S;52;60;60;N
1151;S;0;556;NP;360;6;75;N;28;0;25;N
1152;C;0;420;P;470;12;64;N;22;6;0;N
1153;S;0;1028;NP;690;6;161;S;58;0;0;S
1154;S;0;404;NP;480;10;67;N;41;6;0;N
1155;S;0;300;P;310;6;67;N;61;6;0;S
1156;C;0;2173;NP;491;3;182;N;36;48;0;N
1157;V;0;1092;NP;480;10;74;S;61;228;0;N
1158;S;0;600;NP;643;6;108;N;30;0;0;N
1159;S;0;1600;P;429;10;60;N;30;6;0;S
1160;S;0;767;P;647;4;191;S;43;216;0;S
1161;C;0;2500;NP;384;2;205;N;32;48;0;N
1162;S;0;511;P;639;10;88;N;60;6;0;S
1163;S;0;960;P;420;6;89;N;37;6;0;S
1164;S;0;500;P;489;6;104;N;34;6;0;S
1165;S;0;400;NP;351;2;119;N;54;0;119;S
1166;C;0;1000;P;537;10;78;N;43;6;0;S
1167;S;0;330;P;348;10;51;N;39;6;0;S
1168;C;0;5000;NP;402;1;424;N;34;48;0;N
1169;D;0;346;P;580;5;68;S;52;24;300;S
1170;C;0;500;NP;308;3;112;N;35;48;0;N
1171;C;0;2000;NP;486;3;177;N;43;48;0;N
1172;C;0;2220;NP;747;10;103;N;19;6;0;N
1173;S;0;400;P;345;9;57;N;34;6;0;S
1174;C;0;3000;NP;694;12;94;S;28;24;0;N
1175;S;0;1190;NP;452;10;63;N;58;6;0;S
1176;C;0;2170;NP;659;6;113;N;59;48;113;S
1177;S;0;1100;NP;440;5;109;N;58;48;0;S
1178;C;0;500;NP;852;15;105;N;28;72;0;N
1179;S;0;1333;P;670;12;90;N;33;6;0;S
1180;S;0;2500;NP;685;6;144;N;40;48;0;N
1181;S;0;551;P;647;10;94;N;34;6;0;S
1182;C;0;380;NP;492;12;68;N;41;12;0;N
1183;S;0;1200;P;470;6;79;N;33;6;100;S
1184;S;0;3266;NP;552;4;119;N;67;48;119;S
1185;C;0;780;P;618;10;89;N;24;6;0;N
1186;S;0;1123;P;1059;10;145;N;36;6;0;S
1187;C;0;800;P;929;6;197;N;29;6;0;S
1188;C;0;532;NP;399;12;54;S;30;0;0;N
1189;C;0;500;P;480;10;67;N;30;6;0;S
1190;S;0;800;P;490;12;67;N;33;0;0;S
1191;S;0;1099;NP;552;4;119;N;65;48;119;S
1192;C;0;833;P;470;10;72;N;37;6;0;S
1193;S;0;600;NP;930;10;111;S;38;180;200;N
1194;S;0;795;NP;334;5;68;N;59;0;0;N
1195;S;0;330;P;340;6;73;N;37;6;0;N
1196;C;0;351;NP;330;10;50;N;24;24;0;N
1197;S;0;1200;NP;552;4;119;N;58;48;119;S
1198;S;0;1300;NP;524;4;93;N;59;0;159;S
1199;S;0;967;NP;756;6;126;N;54;6;0;N
1200;S;0;830;P;902;5;216;N;40;6;0;S
1201;S;0;500;P;480;10;67;N;37;6;0;S
1202;C;0;1345;P;618;10;89;N;19;6;0;N
1203;S;0;903;NP;348;2;118;N;55;0;118;S
1204;S;0;1258;NP;552;4;119;N;67;48;119;S
1205;S;0;1225;P;1095;10;143;N;31;6;0;N
1206;S;0;426;NP;858;12;72;N;30;0;0;N
1207;S;1;1000;P;505;10;70;N;47;6;0;S
1208;S;2;300;P;339;10;51;N;48;6;0;S
1209;C;0;474;NP;798;12;98;N;24;48;0;N
1210;S;0;580;P;382;10;56;N;35;6;0;N
1211;S;0;908;P;539;12;73;N;45;72;0;S
1212;C;0;1200;NP;417;6;70;N;59;48;0;S
1213;S;0;1215;P;674;9;110;N;34;6;0;N
1214;S;0;892;P;350;10;53;S;35;60;0;N
1215;C;0;500;NP;546;15;68;N;37;72;0;N
1216;S;0;300;NP;429;12;58;N;35;156;0;S
1217;C;0;606;NP;596;6;125;N;64;48;0;S
1218;S;0;600;P;499;4;146;N;31;6;0;S
1219;S;0;445;NP;443;12;61;N;26;48;0;N
1220;C;0;930;P;550;4;162;N;32;6;0;S
1221;S;0;470;NP;489;6;82;N;23;0;0;N
1222;S;0;300;P;629;12;55;S;54;60;230;S
1223;S;0;1548;P;339;6;73;N;63;6;0;S
1224;S;0;700;P;770;12;104;N;45;6;0;S
1225;S;0;1900;NP;549;4;116;N;61;48;150;S
1226;S;0;1800;NP;308;2;165;N;63;48;0;S
1227;C;0;1013;P;323;6;69;N;41;6;0;N
1228;C;0;400;NP;401;10;62;S;26;72;0;N
1229;C;0;481;NP;366;6;62;N;65;48;0;S
1230;S;0;578;P;392;10;55;N;27;6;0;S
1231;S;0;550;NP;999;12;123;N;48;48;0;N
1232;C;0;380;NP;332;6;77;N;35;156;0;N
1233;S;0;707;NP;690;10;61;N;57;0;300;S
1234;S;0;550;P;469;5;89;N;37;6;100;S
1235;D;0;662;P;522;6;87;N;66;359;0;S
1236;S;0;690;NP;559;5;137;N;58;48;0;S
1237;C;0;300;NP;439;12;60;N;26;0;0;N
1238;S;0;350;P;399;9;65;N;30;6;0;S
1239;S;0;300;NP;556;12;76;N;33;0;0;N
1240;C;0;1324;NP;349;3;130;N;62;48;0;S
1241;S;0;400;P;429;10;60;N;36;6;0;S
1242;S;0;480;P;309;6;70;N;46;156;0;S
1243;C;0;2000;P;639;10;88;N;31;6;0;S
1244;C;0;679;P;386;10;59;N;46;6;0;S
1245;C;0;650;P;480;10;67;N;38;6;0;S
1246;S;0;1071;NP;698;6;120;N;65;48;120;S
1247;S;0;500;NP;305;6;51;N;47;0;0;N
1248;C;0;613;P;557;9;91;N;25;6;0;N
1249;S;3;1500;P;450;9;74;N;26;6;0;S
1250;C;0;420;NP;590;12;80;N;27;120;0;N
1251;C;0;920;NP;306;6;68;N;22;0;0;N
1252;S;0;3000;P;429;10;60;N;36;6;0;N
1253;S;0;2091;NP;1701;4;341;N;59;48;342;S
1254;C;0;2500;NP;346;3;129;N;48;48;0;N
1255;V;0;300;NP;407;9;58;N;38;60;50;N
1256;S;2;584;P;849;10;117;N;40;6;0;S
1257;C;0;335;NP;498;12;68;N;22;26;0;N
1258;S;0;1105;P;618;10;89;N;50;6;0;S
1259;C;0;1200;NP;466;10;74;S;38;12;0;N
1260;S;0;1200;P;747;10;103;N;30;6;0;N
1261;S;1;800;P;643;6;116;N;26;6;100;S
1262;C;0;361;P;480;10;67;N;47;6;0;S
1263;C;0;750;P;567;10;78;N;37;6;0;S
1264;C;0;500;NP;689;6;145;N;60;48;0;S
1265;C;0;500;NP;399;6;89;N;46;120;0;N
1266;D;0;2690;NP;1093;12;148;N;39;6;0;N
1267;S;0;600;P;459;10;64;N;29;6;0;S
1268;S;0;518;P;480;6;102;N;38;6;0;S
1269;S;0;450;P;318;5;77;N;42;6;0;S
1270;C;0;300;NP;419;12;57;S;20;36;0;N
1271;C;0;1000;NP;489;3;182;N;50;48;0;N
1272;S;0;480;NP;558;5;113;N;37;190;0;N
1273;S;0;800;P;529;6;113;N;44;6;0;S
1274;C;0;500;NP;699;11;97;N;29;48;0;N
1275;S;0;400;NP;480;12;69;N;36;0;0;N
1276;S;0;1100;NP;694;12;94;N;37;60;0;N
1277;C;0;552;NP;700;12;96;N;33;24;0;N
1278;C;0;600;NP;454;6;77;N;28;48;0;N
1279;S;0;1500;P;495;12;67;S;31;0;0;S
1280;S;0;300;P;332;10;51;N;54;6;0;S
1281;S;0;1200;P;745;12;100;N;24;6;0;N
1282;S;0;1583;P;1007;9;163;N;54;6;0;S
1283;S;0;1356;NP;319;5;54;N;65;0;54;N
1284;C;0;396;P;420;12;57;N;24;6;0;N
1285;S;0;730;P;460;10;70;N;36;6;0;S
1286;C;0;409;NP;398;10;62;S;35;180;0;N
1287;S;0;750;NP;704;7;137;N;22;0;0;N
1288;S;0;1690;NP;1974;6;285;N;52;48;600;N
1289;S;2;350;P;483;12;65;N;36;6;0;N
1290;S;0;1500;NP;500;4;101;N;26;0;101;N
1291;S;0;400;NP;391;10;60;N;55;6;0;S
1292;S;0;1604;NP;887;4;179;N;63;48;179;S
1293;S;0;780;P;489;10;74;N;37;6;0;S
1294;C;0;600;NP;698;11;97;N;66;48;0;S
1295;D;0;429;NP;350;6;77;N;38;48;0;N
1296;S;0;1063;NP;755;5;186;N;49;240;0;N
1297;S;0;400;P;445;12;61;N;41;84;0;S
1298;S;0;3399;P;468;3;175;N;40;6;0;S
1299;S;0;500;NP;429;5;105;N;24;120;0;N
1300;S;0;635;NP;630;12;86;N;35;0;0;N
1301;S;1;474;P;355;10;54;N;53;6;0;S
1302;C;0;300;P;309;5;75;N;33;6;0;S
1303;S;0;1500;P;940;10;135;N;56;6;0;S
1304;S;0;500;NP;316;5;77;N;37;12;0;N
1305;S;0;1500;NP;400;2;141;S;30;42;141;N
1306;C;0;368;NP;330;10;51;N;41;0;0;N
1307;S;0;400;NP;478;10;74;N;45;0;0;N
1308;S;2;400;P;400;10;61;N;52;6;0;S
1309;S;0;624;NP;480;10;67;N;25;6;0;N
1310;S;0;650;NP;549;12;69;N;28;144;50;N
1311;S;0;950;NP;737;15;95;S;47;120;0;N
1312;C;0;1000;NP;471;3;176;S;45;240;0;N
1313;S;0;800;P;469;12;63;N;45;6;0;S
1314;S;0;1800;NP;1190;12;162;S;48;120;0;N
1315;S;0;519;NP;576;12;78;S;33;0;0;N
1316;C;0;600;NP;618;10;89;N;21;6;0;N
1317;S;2;1200;P;686;9;111;N;38;6;0;S
1318;C;0;778;NP;552;4;119;N;58;48;119;S
1319;S;0;481;P;547;10;68;N;58;6;100;S
1320;S;0;1428;NP;389;6;82;N;67;48;0;S
1321;C;0;436;NP;512;10;79;S;24;0;0;N
1322;V;0;602;NP;790;12;107;N;57;240;0;N
1323;C;0;390;NP;561;11;78;N;44;48;0;N
1324;S;0;350;NP;548;10;83;N;42;48;0;N
1325;S;0;319;NP;420;10;65;N;30;0;0;N
1326;C;0;1500;NP;400;3;149;N;28;48;0;N
1327;S;0;650;NP;652;12;89;N;29;120;0;N
1328;C;0;602;NP;485;3;180;N;24;48;0;N
1329;C;0;402;NP;370;12;50;S;27;18;0;N
1330;C;0;1174;NP;916;12;124;N;19;12;0;N
1331;C;0;1480;NP;679;10;103;N;23;96;0;N
1332;S;0;800;NP;466;12;59;N;35;240;30;N
1333;C;0;1200;NP;962;12;131;N;61;0;0;S
1334;S;0;500;NP;451;12;61;N;58;0;0;S
1335;S;0;315;NP;449;6;77;N;58;48;77;S
1336;S;0;350;P;452;10;66;N;42;6;0;S
1337;C;0;512;NP;552;4;119;N;60;48;119;S
1338;S;0;1479;NP;599;7;98;N;55;0;98;S
1339;S;4;350;P;573;12;77;N;45;6;0;S
1340;C;0;870;NP;355;6;79;N;27;144;0;N
1341;S;0;840;NP;954;6;215;N;41;0;0;N
1342;S;0;2500;NP;497;12;60;N;33;0;60;N
1343;S;0;1000;NP;457;10;70;S;25;12;0;N
1344;S;0;530;NP;693;10;105;N;38;0;0;N
1345;S;0;1300;P;421;10;64;N;34;6;0;S
1346;C;0;950;P;1290;18;143;N;47;6;0;S
1347;S;0;2500;NP;350;3;96;S;36;120;96;N
1348;V;0;330;P;445;10;68;S;51;0;0;S
1349;S;0;992;P;399;12;54;N;49;6;0;S
1350;S;0;2400;NP;599;7;98;N;61;0;98;S
1351;S;0;400;P;329;9;54;N;26;6;0;S
1352;C;0;700;P;403;3;150;N;30;6;0;S
1353;C;0;876;NP;1144;6;125;N;66;48;400;S
1354;C;0;568;P;849;10;117;N;22;6;0;N
1355;V;0;959;NP;660;6;145;N;62;48;0;S
1356;S;0;1600;NP;716;10;109;S;46;36;0;N
1357;C;0;469;P;404;12;56;S;38;0;0;S
1358;C;0;1312;P;906;10;137;N;57;6;0;S
1359;C;0;2628;P;1059;10;145;N;27;6;0;S
1360;S;1;1600;P;618;10;89;N;37;6;0;S
1361;S;0;530;NP;729;12;99;N;23;24;0;N
1362;S;0;700;P;430;9;70;N;30;6;0;S
1363;S;0;579;NP;378;4;109;N;34;6;0;N
1364;S;0;360;NP;460;10;70;N;29;0;0;N
1365;S;0;3596;P;1045;6;221;N;40;6;0;S
1366;S;0;1000;P;840;4;159;S;49;216;300;S
1367;S;0;492;NP;833;11;96;N;36;48;96;N
1368;C;0;819;P;1085;24;104;N;40;6;0;S
1369;S;0;600;NP;399;12;54;N;35;228;0;N
1370;S;0;800;NP;638;12;79;N;33;48;0;N
1371;V;0;1065;NP;722;12;89;N;65;48;0;S
1372;C;0;1300;NP;395;10;60;N;66;72;0;S
1373;S;2;500;P;673;10;97;N;43;6;0;S
1374;S;0;908;NP;349;5;59;N;62;0;59;S
1375;C;0;500;NP;552;4;119;N;66;48;119;S
1376;S;0;3703;NP;680;3;264;N;59;48;0;S
1377;S;0;1800;NP;901;12;122;N;35;0;0;N
1378;C;0;1000;P;411;5;101;N;42;6;0;S
1379;S;0;302;P;484;6;53;S;26;0;250;S
1380;C;0;380;P;560;10;85;N;33;6;0;S
1381;S;0;725;NP;330;5;81;N;61;48;0;S
1382;S;0;560;P;397;12;54;N;28;6;0;S
1383;S;0;489;P;495;9;60;N;28;6;60;S
1384;C;0;550;P;399;10;55;N;30;6;0;S
1385;C;0;1000;P;747;10;103;N;53;6;0;S
1386;C;0;3161;P;329;5;57;N;55;6;100;S
1387;S;0;600;P;348;10;51;N;51;6;0;S
1388;S;0;2000;NP;649;12;82;N;67;48;0;S
1389;S;0;890;NP;324;6;72;N;27;32;0;N
1390;C;1;800;P;735;6;155;N;41;6;0;S
1391;S;2;389;NP;362;10;55;N;38;36;0;N
1392;C;0;3000;NP;705;2;235;N;62;48;240;S
1393;S;0;1039;NP;441;2;240;N;57;0;0;S
1394;S;0;1300;NP;421;12;57;N;39;0;0;N
1395;S;0;484;P;618;10;89;N;36;6;0;S
1396;S;0;350;P;505;10;70;N;44;6;0;N
1397;S;0;488;P;403;9;66;N;44;6;0;S
1398;V;0;350;P;476;12;58;N;43;0;50;S
1399;S;0;993;NP;510;12;69;S;37;60;0;N
1400;C;0;352;NP;541;12;74;N;39;72;0;N
1401;C;0;610;NP;725;10;110;N;34;0;0;N
1402;S;1;350;P;480;10;67;N;33;6;0;N
1403;C;0;800;P;349;10;51;N;50;6;0;S
1404;C;0;381;NP;459;12;57;N;50;48;0;N
1405;S;0;2251;NP;1363;2;456;N;62;0;456;S
1406;S;0;800;P;322;6;71;N;37;6;0;S
1407;C;0;485;NP;441;5;92;S;21;6;70;N
1408;S;2;411;P;468;10;65;N;30;6;0;S
1409;C;0;800;P;849;12;101;N;37;6;100;N
1410;S;1;1336;P;744;10;113;N;39;6;0;N
1411;S;0;938;NP;552;4;119;N;64;48;119;S
1412;S;0;530;NP;888;9;98;N;63;0;285;S
1413;S;0;370;NP;306;6;68;N;25;16;0;N
1414;C;0;2761;P;567;10;78;N;63;6;0;S
1415;S;1;800;NP;567;10;78;N;28;6;0;N
1416;S;0;946;NP;529;6;111;N;50;48;0;N
1417;S;0;710;NP;308;2;105;N;61;0;105;S
1418;S;0;800;NP;514;6;110;N;34;6;0;N
1419;C;0;600;NP;569;12;70;N;43;48;0;N
1420;S;2;600;P;420;10;58;N;22;6;0;N
1421;C;0;500;P;480;10;57;N;43;6;70;S
1422;C;0;300;NP;398;10;61;S;21;72;0;N
1423;S;0;900;P;312;4;92;N;36;6;0;S
1424;S;0;816;NP;529;6;111;N;47;48;0;N
1425;C;0;1001;NP;699;3;193;N;62;48;193;S
1426;C;0;650;P;369;3;139;N;27;6;0;S
1427;C;1;2000;P;1059;10;145;N;41;6;0;S
1428;S;0;965;NP;499;6;102;N;64;48;0;S
1429;S;0;3155;NP;1129;3;423;N;61;48;0;N
1430;S;0;2000;P;1040;12;140;N;33;6;0;N
1431;S;0;400;P;359;10;55;N;32;6;0;S
1432;C;0;540;NP;562;15;70;N;44;240;0;N
1433;C;0;800;NP;418;9;68;S;31;60;0;N
1434;C;0;945;NP;552;4;119;N;67;48;119;S
1435;C;0;800;NP;529;6;67;N;29;48;200;N
1436;C;0;1201;NP;710;2;239;N;63;0;239;S
1437;C;0;1545;P;516;10;78;N;42;6;0;S
1438;S;0;990;NP;531;6;118;N;30;0;0;N
1439;S;0;360;P;425;12;58;N;35;120;0;S
1440;C;0;1009;P;332;4;98;N;40;6;0;S
1441;C;0;319;NP;559;6;77;N;60;48;100;S
1442;S;0;450;P;399;10;55;N;37;6;0;S
1443;S;0;2025;P;639;10;88;N;33;6;0;S
1444;C;0;1300;NP;694;12;94;N;29;8;0;N
1445;S;0;500;P;330;10;50;N;40;6;0;S
1446;S;0;700;NP;415;12;57;N;63;0;0;S
1447;C;0;540;NP;730;5;122;N;47;48;125;N
1448;C;0;1500;P;468;10;68;N;45;6;0;S
1449;C;0;420;NP;555;12;76;N;26;120;0;N
1450;C;0;350;NP;417;6;70;N;63;48;0;S
1451;S;0;1200;NP;305;6;57;N;42;0;56;N
1452;S;2;400;NP;464;8;82;N;44;9;0;N
1453;C;0;341;P;400;5;97;N;33;6;0;S
1454;C;0;840;NP;521;10;79;N;35;36;0;N
1455;S;0;4000;NP;368;3;101;N;39;48;101;N
1456;S;0;1000;P;567;10;78;N;35;6;0;S
1457;S;0;1200;P;355;10;54;N;41;6;0;N
1458;S;0;3000;P;1122;9;181;N;33;6;0;S
1459;C;0;2017;P;639;10;88;N;40;6;0;S
1460;S;1;400;P;450;10;69;N;31;6;0;N
1461;D;0;380;NP;598;12;81;S;46;240;0;N
1462;C;0;380;NP;549;12;75;S;39;0;0;N
1463;C;0;479;P;329;4;97;N;65;6;0;S
1464;S;0;404;NP;631;6;106;N;35;0;0;N
1465;C;0;345;NP;441;12;61;S;26;0;0;N
1466;S;1;550;NP;369;9;60;N;30;6;0;N
1467;S;0;1004;NP;1839;12;226;N;63;48;0;S
1468;S;0;370;P;399;12;54;N;46;6;0;S
1469;S;2;300;P;399;6;85;N;45;6;0;S
1470;C;0;700;P;441;12;60;N;37;6;0;N
1471;S;0;520;NP;473;6;80;N;54;0;0;S
1472;S;0;1000;P;463;6;99;N;33;6;0;N
1473;C;0;1200;P;480;12;65;N;26;6;0;N
1474;S;4;314;P;365;6;78;N;34;6;0;S
1475;C;0;600;NP;595;12;70;S;67;72;100;S
1476;S;0;1012;NP;432;5;72;N;56;0;72;S
1477;S;1;305;P;349;10;53;N;38;6;0;S
1478;S;0;320;NP;392;12;53;N;63;0;0;N
1479;C;0;1761;NP;449;2;243;N;23;48;0;N
1480;V;0;1048;NP;552;4;119;N;60;48;119;S
1481;S;0;900;P;375;6;80;N;36;6;0;S
1482;C;0;340;NP;340;10;52;N;22;12;0;N
1483;C;0;502;NP;1367;12;115;N;54;48;0;N
1484;S;0;3604;P;651;24;63;N;31;6;0;S
1485;C;0;400;NP;433;6;97;S;19;0;0;N
1486;S;0;1500;NP;536;6;113;N;67;48;0;S
1487;S;0;573;NP;471;6;86;N;62;0;100;S
1488;C;0;549;NP;449;6;93;N;23;48;0;N
1489;S;0;400;P;480;6;102;N;50;6;0;S
1490;C;0;650;P;860;10;130;N;29;6;0;N
1491;S;0;650;NP;537;4;160;S;27;36;0;N
1492;S;0;543;NP;502;12;68;N;33;48;0;N
1493;C;0;478;NP;404;4;121;S;47;180;0;N
1494;S;0;541;P;408;5;100;N;31;6;0;S
1495;S;0;1100;P;412;6;67;N;41;6;100;S
1496;C;0;500;NP;437;12;60;N;60;48;0;N
1497;C;0;2057;NP;301;1;318;N;35;48;0;N
1498;S;0;570;NP;511;12;71;S;28;144;0;N
1499;S;0;360;NP;384;12;52;N;33;36;0;N
1500;S;4;501;P;849;10;117;N;37;6;0;S
1501;S;2;500;P;618;10;85;N;36;6;0;S
1502;C;0;813;NP;552;4;119;N;43;48;119;N
1503;V;0;350;NP;488;12;66;N;43;0;0;N
1504;C;0;1530;NP;381;1;398;N;28;48;0;N
1505;S;0;688;P;396;10;60;N;49;72;0;N
1506;C;0;888;P;348;10;51;N;50;6;0;S
1507;C;0;360;P;456;6;100;N;27;6;0;S
1508;S;0;480;P;786;10;108;N;36;6;0;N
1509;C;0;307;P;392;10;57;N;36;6;0;S
1510;C;0;375;NP;466;12;63;S;20;60;0;N
1511;S;0;330;P;456;12;62;N;29;6;0;S
1512;S;0;1500;NP;507;8;90;N;29;0;0;N
1513;S;0;1627;P;449;12;55;N;39;0;0;S
1514;S;0;469;NP;345;6;58;N;43;0;0;N
1515;S;0;4000;P;1199;12;141;N;32;6;0;S
1516;C;0;650;P;519;12;70;N;64;6;0;S
1517;C;0;500;P;365;3;145;N;30;6;0;S
1518;S;0;3000;P;396;10;60;S;37;36;0;S
1519;S;0;600;P;439;10;67;N;57;6;0;S
1520;S;0;1200;P;961;12;129;N;58;6;0;S
1521;C;0;1000;NP;545;9;89;N;31;6;0;N
1522;C;0;337;NP;341;6;58;N;26;48;0;N
1523;V;0;490;NP;599;10;91;N;53;0;0;N
1524;S;0;1000;P;1059;4;192;N;39;6;400;S
1525;C;0;750;P;429;10;60;N;20;6;0;N
1526;C;0;800;NP;568;10;87;S;32;12;0;N
1527;S;2;600;P;332;5;80;N;26;6;0;S
1528;V;0;635;NP;399;6;83;N;60;48;0;S
1529;S;0;3000;P;492;10;71;N;43;6;0;S
1530;S;0;600;P;410;10;62;N;40;6;0;S
1531;S;0;1000;P;470;6;100;N;47;6;0;S
1532;V;0;1227;NP;900;12;122;N;69;180;0;S
1533;S;0;480;NP;495;9;60;N;23;6;60;N
1534;C;0;400;NP;700;12;95;S;25;96;0;N
1535;C;0;1000;NP;327;2;177;N;32;48;0;N
1536;S;0;330;P;505;10;70;N;41;6;0;S
1537;C;0;320;NP;466;12;63;N;31;6;0;N
1538;S;0;600;NP;487;5;119;N;55;0;0;S
1539;S;0;2500;P;849;10;117;N;29;6;0;N
1540;S;0;648;NP;496;12;68;S;26;120;0;N
1541;S;0;380;P;429;10;60;N;30;6;0;S
1542;S;2;727;P;906;6;192;N;40;6;0;S
1543;S;0;750;P;972;10;147;N;41;6;0;S
1544;S;0;554;NP;954;10;110;N;34;0;229;N
1545;S;0;1524;NP;539;6;110;N;63;48;0;S
1546;S;0;920;NP;646;6;143;N;66;48;0;S
1547;S;3;1200;P;506;6;109;N;47;6;0;S
1548;C;0;370;NP;373;10;58;N;31;96;0;N
1549;S;0;400;NP;496;10;52;N;33;6;100;N
1550;S;0;1400;P;665;12;93;N;31;6;0;S
1551;S;0;390;NP;428;8;73;N;62;48;0;S
1552;C;0;801;NP;561;6;94;N;23;48;0;N
1553;S;0;1100;NP;899;4;210;N;61;0;210;S
1554;C;1;400;P;576;10;72;N;33;6;0;N
1555;S;5;400;P;429;12;58;N;59;6;0;S
1556;S;0;600;NP;805;12;109;N;40;36;0;N
1557;C;0;480;NP;470;9;78;N;22;9;0;N
1558;S;0;600;NP;343;10;52;N;43;96;0;N
1559;C;0;2900;NP;380;1;397;N;39;48;0;N
1560;S;0;1800;NP;604;10;92;S;27;15;0;N
1561;S;0;938;P;525;10;76;N;30;6;0;S
1562;S;0;800;P;376;10;57;N;49;6;0;S
1563;S;0;1900;NP;1598;6;355;N;41;0;0;N
1564;S;0;360;NP;331;4;69;N;34;6;100;N
1565;S;0;380;P;470;6;100;N;32;6;0;S
1566;C;0;400;NP;530;9;75;N;31;12;75;N
1567;S;0;550;P;639;10;88;N;36;6;0;S
1568;C;0;630;P;433;10;66;N;29;6;0;S
1569;S;2;605;P;316;6;70;N;26;6;0;S
1570;S;0;800;P;799;12;109;S;49;240;0;N
1571;S;0;507;P;576;9;95;N;45;6;0;S
1572;S;2;1500;P;618;10;89;N;37;6;0;N
1573;S;0;700;P;647;6;150;N;40;180;0;S
1574;S;0;700;NP;857;12;116;N;48;0;0;N
1575;S;0;449;NP;445;12;60;N;54;6;0;N
1576;S;0;1115;NP;682;3;253;N;25;0;0;N
1577;S;0;629;P;627;10;95;S;28;12;0;S
1578;S;0;500;NP;340;10;52;N;31;6;0;N
1579;S;0;1000;NP;633;10;96;S;58;0;0;N
1580;C;0;420;NP;459;4;105;N;27;36;105;N
1581;S;0;1170;NP;874;2;293;N;57;0;293;S
1582;C;0;1500;NP;372;3;138;N;31;48;0;N
1583;C;0;1000;NP;474;12;65;S;22;3;0;N
1584;C;0;2240;NP;879;12;120;S;36;60;0;N
1585;S;0;420;P;330;6;71;N;27;6;0;S
1586;C;0;2000;P;480;10;67;N;40;6;0;S
1587;C;0;390;NP;396;6;88;N;21;84;0;N
1588;C;0;500;P;480;10;67;N;37;6;0;N
1589;C;0;1650;NP;756;9;103;N;63;48;72;S
1590;S;0;800;NP;580;10;83;N;57;0;0;S
1591;C;0;488;NP;307;6;52;N;58;48;0;S
1592;C;0;900;NP;314;4;80;N;40;48;0;N
1593;C;0;1300;P;444;10;65;N;30;6;0;N
1594;S;0;711;P;639;10;88;N;53;6;0;S
1595;S;0;400;P;341;8;61;N;36;36;0;S
1596;C;0;800;P;568;6;121;N;40;6;0;S
1597;C;0;3500;P;349;10;51;N;35;6;0;N
1598;S;0;301;P;340;6;73;N;28;6;0;S
1599;S;0;321;P;330;6;74;S;39;0;0;S
1600;S;0;400;P;339;6;73;N;39;6;0;N
1601;C;0;420;P;537;10;78;N;52;6;0;S
1602;C;0;300;P;618;10;89;N;30;6;0;S
1603;C;0;543;NP;789;9;112;N;22;12;100;N
1604;C;0;500;NP;552;4;119;N;64;48;119;S
1605;S;0;3000;NP;6000;12;692;N;48;0;0;N
1606;S;0;1500;P;468;10;65;N;48;6;0;S
1607;S;0;900;NP;538;10;71;N;43;18;71;N
1608;S;0;600;NP;363;2;123;N;61;0;123;S
1609;S;0;1237;NP;374;4;76;N;62;0;76;S
1610;S;0;560;NP;829;12;113;N;25;24;0;N
1611;C;0;800;NP;355;4;90;N;21;48;0;N
1612;S;3;700;P;749;15;89;N;34;6;0;S
1613;C;0;700;NP;738;16;89;S;40;264;0;N
1614;C;0;700;NP;552;4;119;N;58;48;119;S
1615;S;0;2000;NP;1500;4;301;N;60;48;301;S
1616;S;0;3155;NP;1129;3;423;N;61;48;0;S
1617;C;0;2000;P;483;10;73;N;27;6;0;S
1618;C;0;550;NP;549;12;75;N;63;0;0;S
1619;C;0;300;P;489;6;83;N;60;6;100;S
1620;C;0;1500;NP;368;1;385;N;28;48;0;N
1621;S;0;548;P;408;6;87;N;43;6;0;S
1622;S;0;600;NP;518;10;80;N;40;24;0;N
1623;S;0;551;P;309;3;116;N;30;36;0;S
1624;C;0;800;NP;706;15;87;N;25;0;0;N
1625;C;0;532;P;639;10;88;N;41;6;0;S
1626;S;0;1200;P;384;6;82;N;33;6;0;S
1627;V;2;336;NP;661;20;75;N;61;240;0;N
1628;C;0;576;NP;414;12;56;N;37;24;0;N
1629;S;0;360;P;580;12;78;N;47;6;0;S
1630;D;0;450;NP;458;12;62;N;49;360;0;N
1631;S;0;656;NP;395;9;65;N;58;120;0;N
1632;S;0;900;NP;829;5;163;N;66;48;163;S
1633;C;0;750;P;580;10;88;N;40;6;0;S
1634;S;0;1000;P;428;10;62;N;41;6;0;S
1635;C;0;400;P;468;10;65;N;27;6;0;S
1636;S;0;480;NP;740;10;113;N;59;0;0;S
1637;S;0;490;NP;620;10;94;N;25;0;0;N
1638;S;0;1200;NP;519;11;60;N;49;0;60;N
1639;S;0;600;NP;617;12;85;N;33;0;0;N
1640;C;0;500;P;680;6;116;N;32;6;150;S
1641;S;0;800;P;445;12;60;N;34;6;0;N
1642;C;0;1800;NP;458;12;62;S;42;12;0;N
1643;S;2;532;P;565;10;82;N;45;6;0;S
1644;C;0;356;P;440;10;67;N;38;6;0;S
1645;S;0;700;NP;400;6;89;N;55;0;0;S
1646;C;0;500;NP;552;4;119;N;60;48;119;S
1647;S;0;800;P;618;10;89;N;53;6;0;S
1648;C;0;1517;P;495;6;105;N;31;6;0;N
1649;S;0;1030;NP;448;5;109;N;21;12;0;N
1650;C;0;360;P;498;10;76;N;20;6;0;N
1651;S;0;600;NP;305;6;65;N;56;6;0;S
1652;C;0;4253;NP;552;4;119;N;61;48;119;S
1653;S;0;999;NP;548;3;149;N;63;48;149;S
1654;C;0;600;P;463;10;70;N;32;6;0;S
1655;S;0;480;P;309;6;66;N;31;6;0;S
1656;S;0;300;P;519;12;56;N;44;6;0;S
1657;S;0;800;P;440;2;169;N;33;6;132;S
1658;C;0;1140;NP;799;3;305;N;25;48;0;N
1659;S;0;810;NP;496;2;167;N;61;0;167;S
1660;C;0;2000;P;535;12;72;N;63;6;0;S
1661;C;0;950;NP;844;12;115;N;29;15;0;N
1662;S;0;348;P;444;10;68;N;38;6;0;S
1663;S;0;780;P;480;10;67;N;37;6;0;S
1664;C;0;350;NP;403;12;55;N;19;12;0;N
1665;C;0;300;NP;399;12;54;N;20;0;0;N
1666;S;0;380;P;418;10;60;N;67;6;0;S
1667;S;0;1690;NP;1877;6;265;N;52;48;600;N
1668;C;0;831;NP;620;20;71;S;60;36;0;S
1669;S;0;738;P;469;9;77;N;38;6;0;S
1670;S;1;500;P;398;6;87;N;30;6;0;S
1671;S;0;700;P;398;5;96;N;41;6;0;S
1672;C;0;1000;NP;316;3;117;N;26;48;0;N
1673;S;0;600;P;690;12;75;N;30;6;0;S
1674;S;0;1200;P;715;5;174;N;26;6;0;S
1675;C;0;769;NP;1081;12;91;N;56;48;0;N
1676;S;0;1200;P;369;3;139;N;40;6;0;S
1677;C;0;579;NP;419;12;53;N;21;48;0;N
1678;C;0;460;P;352;9;58;N;28;6;0;S
1679;S;0;350;P;340;8;61;N;52;264;0;S
1680;S;0;348;P;439;4;56;N;47;6;250;S
1681;C;0;500;NP;633;6;106;N;36;48;0;N
1682;S;0;310;NP;459;12;63;S;22;0;0;N
1683;S;0;525;P;480;10;67;N;46;6;0;S
1684;C;0;425;NP;395;12;54;N;52;120;0;N
1685;C;0;1200;P;461;5;111;N;41;6;0;S
1686;C;0;2000;NP;525;2;285;N;44;48;0;N
1687;C;0;800;NP;698;12;95;S;26;0;0;N
1688;S;0;1200;P;1459;10;181;N;31;6;0;S
1689;C;0;600;P;525;10;80;N;20;6;0;N
1690;V;0;515;NP;334;6;52;N;51;12;100;N
1691;C;0;983;NP;489;3;182;N;21;48;0;N
1692;S;0;401;P;469;5;90;N;42;24;100;S
1693;S;0;1100;NP;835;12;113;S;40;37;0;N
1694;S;0;400;P;400;12;57;N;29;6;0;S
1695;C;0;2000;NP;880;4;261;S;28;0;0;N
1696;S;0;948;NP;552;4;119;N;58;48;119;S
1697;C;0;500;NP;726;20;79;N;31;96;0;N
1698;S;0;500;P;599;9;97;N;30;6;0;S
1699;S;0;580;P;453;10;69;N;39;6;0;S
1700;C;0;356;P;440;10;66;N;38;6;0;S
1701;S;0;1500;P;1257;12;169;N;27;6;0;N
1702;S;0;590;NP;311;3;116;N;34;6;0;N
1703;C;0;555;NP;699;4;145;N;66;48;200;S
1704;S;0;465;NP;519;11;60;S;48;0;60;N
1705;S;0;507;NP;508;3;114;N;28;48;208;N
1706;C;0;1500;P;549;12;80;N;52;6;0;N
1707;S;0;1000;P;365;10;56;N;27;6;0;N
1708;S;0;880;NP;474;12;65;N;62;0;0;S
1709;C;0;300;P;300;5;74;S;26;0;0;S
1710;C;0;535;P;345;5;85;N;30;6;0;S
1711;C;0;942;NP;407;12;55;S;43;12;0;N
1712;D;0;1016;NP;959;12;118;N;37;48;0;N
1713;C;0;2000;P;599;4;175;N;46;6;0;S
1714;S;0;350;NP;399;6;66;N;25;48;80;N
1715;C;0;1299;NP;528;3;196;N;24;48;0;N
1716;C;0;360;NP;379;6;64;N;43;48;0;N
1717;S;0;360;P;428;6;91;N;30;6;0;S
1718;C;0;1000;NP;607;3;165;S;57;0;165;S
1719;S;0;480;P;304;6;65;N;33;6;0;N
1720;S;0;340;NP;329;5;66;N;34;180;65;N
1721;S;0;1000;NP;322;3;120;S;31;0;0;N
1722;S;0;700;NP;565;12;78;N;31;0;0;N
1723;C;0;540;NP;355;4;90;N;59;48;0;S
1724;S;0;430;NP;554;10;84;N;28;0;0;N
1725;C;0;450;P;358;9;55;N;41;6;23;N
1726;S;0;400;NP;466;12;63;N;24;18;0;N
1727;C;0;800;P;639;10;88;N;26;6;0;S
1728;S;0;2300;P;716;3;267;N;41;6;0;S
1729;S;0;1573;P;747;10;103;N;52;6;0;S
1730;S;0;670;NP;541;8;82;N;24;24;82;N
1731;S;0;927;P;468;6;105;S;32;0;0;S
1732;C;0;1600;NP;399;2;213;N;35;48;0;N
1733;C;0;350;P;302;6;67;S;34;0;0;S
1734;C;0;1000;P;369;4;108;N;37;6;0;S
1735;S;0;523;P;730;10;96;N;36;6;0;S
1736;C;0;5200;NP;314;2;170;N;60;48;0;S
1737;S;0;300;P;378;6;84;S;40;120;0;S
1738;D;0;599;NP;646;10;98;S;42;18;0;N
1739;S;0;580;NP;489;10;75;N;21;8;0;N
1740;S;0;700;P;1290;10;177;N;70;6;0;S
1741;S;0;800;P;529;18;59;N;42;6;0;S
1742;S;0;600;NP;335;2;114;N;58;0;114;S
1743;C;0;1264;NP;522;3;194;N;32;48;0;N
1744;C;0;550;NP;372;3;139;N;41;6;0;N
1745;S;0;338;P;767;10;96;N;44;6;0;S
1746;C;0;2000;P;618;10;89;N;39;6;0;N
1747;C;0;360;P;618;10;89;N;33;6;0;N
1748;S;0;500;P;525;12;51;S;34;36;150;S
1749;S;0;500;NP;421;10;64;S;30;3;0;N
1750;S;0;350;NP;398;10;61;N;37;0;0;N
1751;S;2;500;P;468;10;65;N;39;6;0;S
1752;S;0;349;NP;540;6;87;N;22;0;149;N
1753;D;0;504;NP;334;2;113;N;66;48;113;S
1754;C;0;300;NP;459;12;63;N;22;0;0;N
1755;C;0;300;NP;475;12;64;N;59;6;0;S
1756;S;0;500;P;496;4;145;N;20;6;0;N
1757;S;0;533;NP;475;12;65;N;45;24;0;N
1758;S;0;1598;NP;349;4;71;N;57;0;71;S
1759;S;0;790;NP;829;10;126;S;42;0;0;N
1760;C;0;480;P;468;10;65;N;27;6;0;S
1761;C;0;1024;NP;623;5;126;N;47;48;0;N
1762;D;0;662;NP;502;12;68;N;36;24;0;N
1763;S;0;350;P;540;10;82;N;31;6;0;S
1764;C;0;1350;NP;326;6;74;N;32;120;0;N
1765;C;0;520;P;849;10;117;N;26;6;0;S
1766;C;0;385;NP;400;10;61;N;28;24;0;N
1767;S;0;1414;NP;339;10;52;S;55;12;0;S
1768;C;0;1500;NP;380;1;397;N;22;48;0;N
1769;C;0;480;NP;371;6;86;N;32;72;0;N
1770;V;0;2493;NP;437;6;96;N;60;48;0;S
1771;C;0;350;NP;341;6;58;N;27;48;0;N
1772;D;0;600;NP;399;9;60;N;31;48;0;N
1773;V;0;340;NP;477;12;65;N;33;0;0;N
1774;C;0;489;NP;546;12;74;N;42;6;0;N
1775;C;0;467;NP;466;12;63;N;33;120;0;N
1776;C;0;700;NP;676;12;93;N;53;0;0;N
1777;S;0;500;P;575;12;78;N;42;132;0;S
1778;S;0;336;P;472;9;66;N;35;6;70;S
1779;C;0;1500;NP;432;3;160;N;54;48;0;N
1780;S;0;1152;P;495;2;269;N;50;6;0;S
1781;S;0;658;P;372;2;126;N;36;106;126;S
1782;C;0;1100;NP;549;6;92;N;32;48;0;N
1783;C;0;881;NP;392;6;66;N;51;48;0;N
1784;C;0;400;NP;450;12;61;N;40;72;0;N
1785;C;0;624;P;618;18;67;N;46;6;0;S
1786;C;0;8000;P;445;10;68;N;49;6;0;S
1787;D;0;3000;NP;552;4;119;N;61;48;119;S
1788;C;0;819;NP;384;2;130;N;65;48;130;S
1789;C;0;533;P;701;10;88;N;51;6;0;S
1790;S;0;1250;P;436;3;119;S;29;12;119;S
1791;S;0;654;NP;354;3;136;N;61;48;0;S
1792;S;0;670;P;849;15;100;N;42;6;0;N
1793;S;0;300;P;479;12;65;N;52;6;0;S
1794;C;0;890;NP;700;3;260;N;66;48;0;S
1795;S;0;1500;P;537;10;78;N;41;6;0;S
1796;C;0;406;P;495;12;67;S;42;36;0;S
1797;S;2;900;P;399;5;96;N;38;6;0;S
1798;S;0;799;NP;400;6;71;N;55;0;80;S
1799;S;0;300;NP;399;8;57;N;48;0;80;N
1800;S;0;1500;NP;1197;6;244;N;26;0;0;N
1801;S;0;3500;P;558;10;73;N;34;6;0;S
1802;S;0;547;NP;703;16;84;N;28;0;0;N
1803;S;0;300;P;346;10;51;N;40;6;0;S
1804;S;0;1000;P;448;10;65;N;33;6;0;S
1805;S;0;1078;P;1059;10;145;N;46;6;0;S
1806;S;0;1500;P;670;4;195;N;52;6;0;N
1807;S;0;360;NP;423;6;71;N;64;48;0;N
1808;C;0;650;NP;345;3;128;N;30;48;0;N
1809;S;0;659;NP;449;4;133;N;63;48;0;S
1810;C;0;800;NP;411;3;156;N;36;0;0;N
1811;C;1;300;P;505;10;70;N;28;6;0;S
1812;S;0;356;NP;399;12;54;N;24;0;0;N
1813;C;0;320;P;309;5;76;N;39;120;0;S
1814;S;0;1000;P;618;10;89;N;31;6;0;S
1815;S;0;380;P;468;10;71;S;66;0;0;S
1816;C;0;400;NP;350;5;86;N;20;12;0;N
1817;C;0;2500;NP;693;3;257;N;48;48;0;N
1818;C;0;555;NP;552;4;119;N;59;48;119;S
1819;S;0;1500;NP;698;7;136;N;61;0;0;S
1820;S;0;1000;NP;778;2;261;N;59;0;261;S
1821;S;0;1600;P;495;9;60;N;23;6;60;N
1822;S;0;528;P;726;6;154;N;48;6;0;S
1823;C;0;500;NP;599;12;82;S;20;18;0;N
1824;S;0;9675;P;765;10;100;N;66;6;0;S
1825;C;0;504;P;538;10;82;N;48;6;0;S
1826;S;0;659;P;321;6;59;N;36;6;50;S
1827;S;0;400;P;595;12;80;N;39;6;0;S
1828;V;0;2000;P;496;12;68;S;62;360;0;S
1829;C;0;745;NP;539;12;73;N;69;6;0;N
1830;S;0;3000;NP;389;3;145;N;59;48;0;S
1831;C;0;443;P;420;10;58;N;39;6;0;N
1832;S;0;600;P;380;6;81;N;31;6;0;S
1833;S;0;1470;P;650;10;90;N;49;6;0;S
1834;C;0;505;NP;466;12;63;S;23;24;0;N
1835;S;0;1500;P;468;10;68;N;35;6;0;S
1836;S;0;638;P;638;6;135;N;47;6;0;S
1837;C;0;1800;NP;514;7;100;N;26;12;0;N
1838;C;0;600;P;971;10;146;N;40;6;0;N
1839;C;0;478;NP;326;4;83;N;59;48;0;S
1840;C;0;3000;P;498;6;106;N;29;6;0;S
1841;S;2;3319;P;639;10;88;N;61;6;0;S
1842;C;0;340;P;546;10;72;N;63;6;0;S
1843;S;0;3650;NP;624;2;210;N;56;0;210;S
1844;C;0;320;NP;429;10;65;N;21;84;0;N
1845;S;0;1942;NP;983;8;166;N;38;48;0;N
1846;C;0;324;P;344;10;53;N;28;6;0;S
1847;C;0;336;NP;309;6;52;N;69;48;0;N
1848;S;0;500;NP;468;12;58;S;23;36;50;N
1849;S;0;700;NP;690;6;145;N;20;48;0;N
1850;S;2;599;P;657;10;91;N;37;6;0;N
1851;C;0;600;P;627;6;95;S;39;0;200;S
1852;S;0;436;NP;519;11;60;N;57;0;60;S
1853;S;0;500;NP;519;11;60;N;56;0;60;S
1854;C;0;1241;NP;549;3;204;N;64;48;0;S
1855;S;0;400;NP;358;6;80;N;25;0;0;N
1856;S;0;586;NP;748;10;114;N;61;0;0;S
1857;V;0;861;P;759;6;170;S;62;180;0;S
1858;S;0;500;P;480;10;67;N;43;6;0;N
1859;S;3;1000;P;647;3;176;N;37;6;176;S
1860;C;0;350;NP;395;10;60;N;23;0;0;N
1861;C;0;396;NP;466;12;63;N;25;18;0;N
1862;S;0;1200;NP;320;3;123;N;46;0;0;N
1863;V;0;340;NP;449;10;69;N;61;180;0;N
1864;S;0;800;P;546;6;116;N;29;6;0;S
1865;S;0;600;P;401;10;61;N;35;6;0;N
1866;S;0;800;P;399;4;118;N;47;60;0;S
1867;C;0;1500;NP;320;1;337;N;39;48;0;N
1868;C;0;350;NP;370;5;92;N;24;0;0;N
1869;S;0;400;P;418;12;57;N;31;6;0;S
1870;S;0;600;NP;466;10;63;S;56;0;50;S
1871;C;0;1300;NP;1390;11;193;N;24;48;0;N
1872;S;0;400;P;985;15;116;N;36;6;0;S
1873;S;0;700;P;449;10;68;N;59;6;0;S
1874;S;0;676;NP;366;6;62;N;60;0;0;S
1875;C;0;1100;NP;380;4;112;S;63;0;0;N
1876;S;0;360;NP;449;21;51;N;61;0;0;N
1877;S;0;570;NP;415;12;57;S;28;144;0;N
1878;S;0;600;P;520;10;75;N;40;6;0;S
1879;C;0;383;P;652;10;86;N;55;6;0;S
1880;S;0;600;P;385;9;63;N;26;6;0;S
1881;S;0;696;NP;421;12;57;S;56;120;0;N
1882;S;0;600;P;539;15;64;N;50;6;0;N
1883;S;0;900;P;597;10;82;N;28;6;0;S
1884;C;0;920;NP;847;12;71;N;63;48;0;S
1885;S;0;4000;P;429;10;60;N;34;6;0;S
1886;S;0;350;P;755;12;102;N;38;6;0;S
1887;C;0;470;P;480;10;67;N;61;6;0;S
1888;C;0;3000;P;618;10;85;N;34;6;0;N
1889;S;0;500;P;495;5;119;N;53;6;0;S
1890;C;0;650;P;970;12;130;N;24;6;0;N
1891;V;0;667;NP;567;15;70;N;45;288;0;N
1892;S;0;330;NP;470;9;77;N;20;6;0;N
1893;S;0;2500;NP;842;12;114;N;26;120;0;N
1894;S;0;1000;NP;537;10;78;N;28;6;0;N
1895;S;0;500;NP;631;5;117;S;54;0;150;S
1896;C;0;478;P;427;5;103;N;33;6;0;S
1897;S;0;882;NP;370;4;75;N;56;0;75;S
1898;S;0;2879;NP;2151;2;719;N;65;48;719;S
1899;S;0;350;P;445;9;73;N;44;6;0;N
1900;S;0;1000;P;327;4;96;N;58;6;0;S
1901;D;0;500;P;409;10;62;S;36;72;0;S
1902;S;0;370;NP;400;12;55;N;50;8;0;N
1903;S;0;350;P;390;10;59;N;57;6;0;N
1904;V;0;666;NP;670;11;93;N;65;48;0;N
1905;C;0;1000;P;359;9;59;N;49;6;0;S
1906;C;0;540;NP;558;11;70;S;21;0;70;N
1907;S;0;2500;P;631;5;151;N;27;6;0;S
1908;S;0;1333;P;670;12;90;N;33;6;0;S
1909;S;0;578;P;885;10;134;N;35;6;0;S
1910;C;0;600;NP;657;10;100;S;24;36;0;N
1911;S;0;1790;NP;2423;12;306;N;32;0;0;N
1912;V;2;869;NP;829;15;103;S;59;108;0;N
1913;S;0;400;P;441;12;60;N;52;6;0;N
1914;S;1;500;P;339;6;75;N;30;6;0;S
1915;C;0;351;NP;330;10;50;N;23;17;0;N
1916;C;0;1800;P;387;6;83;N;41;6;0;S
1917;C;0;1000;NP;304;2;163;N;59;48;0;S
1918;S;0;1417;NP;552;4;119;N;64;48;119;S
1919;S;0;3500;P;480;10;67;N;34;6;0;S
1920;S;0;450;NP;346;4;103;N;24;0;0;N
1921;C;0;800;NP;543;6;83;N;21;48;50;N
1922;S;0;358;NP;572;10;73;S;28;120;90;N
1923;S;0;450;P;465;8;84;N;35;36;0;S
1924;S;0;1200;P;1059;10;145;N;48;6;0;S
1925;S;0;900;NP;450;10;69;N;40;6;0;N
1926;V;0;527;NP;341;5;86;S;68;72;0;S
1927;S;0;600;P;550;12;74;N;36;6;0;S
1928;S;0;400;P;324;7;64;S;52;0;0;S
1929;C;0;1176;NP;704;6;149;N;58;48;0;S
1930;S;0;350;NP;618;10;89;N;25;6;0;N
1931;V;0;650;NP;959;12;111;N;40;48;59;N
1932;S;2;3000;P;405;6;87;N;49;6;0;S
1933;C;0;697;NP;438;15;55;S;36;24;0;N
1934;S;0;800;P;339;10;52;N;38;6;0;S
1935;C;0;800;NP;457;15;57;S;63;0;0;S
1936;S;0;496;NP;623;12;87;N;50;0;0;N
1937;S;0;1540;P;525;10;80;N;42;6;0;S
1938;C;0;480;P;360;4;107;N;28;24;0;S
1939;C;0;462;NP;430;9;70;S;40;188;0;N
1940;C;0;496;NP;350;10;54;N;29;60;0;N
1941;S;0;500;P;429;10;60;N;54;6;0;S
1942;C;0;600;NP;381;6;64;N;34;48;0;N
1943;C;0;1500;P;496;10;75;N;40;6;0;N
1944;S;0;500;NP;489;12;67;N;41;12;0;N
1945;D;0;900;P;482;2;163;N;33;82;163;S
1946;C;0;2851;P;885;10;122;N;31;6;0;S
1947;S;0;500;P;457;3;97;N;46;6;200;S
1948;S;0;727;NP;529;6;111;N;60;48;0;S
1949;S;0;2000;NP;329;7;64;N;31;0;0;N
1950;C;0;443;NP;461;5;114;S;68;240;0;N
1951;C;0;2000;NP;1379;6;286;N;39;48;0;N
1952;S;0;426;P;399;10;55;N;47;6;0;S
1953;C;0;420;P;537;10;82;N;24;6;0;N
1954;S;0;2200;NP;549;6;112;N;35;48;0;N
1955;C;0;380;NP;548;12;76;N;38;156;0;N
1956;S;0;665;P;567;10;78;N;38;6;0;S
1957;C;0;450;NP;547;10;83;S;21;0;0;N
1958;S;0;1000;P;346;3;128;N;45;6;0;S
1959;S;2;350;P;682;10;94;N;28;6;0;N
1960;C;0;560;NP;924;19;87;N;38;132;150;N
1961;C;0;1690;NP;319;5;54;N;58;48;54;S
1962;S;2;360;P;489;12;66;N;35;6;0;S
1963;C;0;1200;NP;620;6;138;N;40;24;0;N
1964;S;0;475;P;355;10;54;N;41;6;0;N
1965;C;0;480;NP;545;12;74;N;43;300;0;N
1966;S;0;1113;NP;805;10;122;N;29;12;0;N
1967;C;0;4000;NP;355;3;120;N;26;48;0;N
1968;S;0;400;P;348;10;51;N;23;6;0;N
1969;S;0;800;P;721;6;115;N;30;6;180;N
1970;C;0;1800;NP;665;3;247;N;58;48;0;N
1971;C;0;550;NP;395;10;60;N;36;60;0;N
1972;S;0;550;NP;338;9;56;N;62;12;0;S
1973;C;0;450;P;510;12;56;N;58;6;100;S
1974;S;0;1266;NP;882;4;221;N;60;48;0;S
1975;C;0;600;P;463;10;70;N;47;6;0;S
1976;C;0;320;P;459;10;64;N;50;6;0;S
1977;S;0;900;NP;438;4;129;N;35;12;0;N
1978;S;0;1700;NP;1161;9;189;N;30;0;0;N
1979;C;0;3000;NP;382;1;194;N;62;48;194;S
1980;S;0;2320;NP;804;12;99;N;65;48;0;S
1981;S;0;457;NP;398;9;66;S;67;0;0;N
1982;C;0;639;NP;610;12;83;N;49;0;0;N
1983;S;0;440;P;396;6;88;S;51;168;0;S
1984;S;0;500;NP;333;4;98;N;33;0;0;N
1985;S;0;350;P;440;8;60;N;39;24;100;S
1986;C;0;500;NP;552;4;119;N;61;48;119;S
1987;S;0;458;NP;668;12;82;N;64;48;0;S
1988;C;0;500;NP;552;4;119;N;61;48;119;S
1989;C;0;750;P;441;6;94;N;44;6;0;N
1990;C;0;437;NP;509;12;65;N;21;48;0;N
1991;C;0;484;NP;568;12;77;N;19;36;0;N
1992;D;0;2137;NP;624;9;94;N;62;48;0;S
1993;S;0;494;NP;743;12;90;N;40;0;90;N
1994;S;0;475;P;965;12;130;N;27;6;0;N
1995;S;0;420;P;459;10;67;N;38;6;0;S
1996;S;0;880;NP;598;10;86;N;28;0;0;N
1997;S;0;800;NP;552;4;119;N;62;48;119;S
1998;C;0;480;NP;488;12;66;N;45;120;0;N
1999;C;0;3200;NP;378;3;140;N;41;48;0;N
2000;C;0;567;NP;1117;12;137;N;38;48;0;N
2001;S;0;500;P;618;10;85;N;42;6;0;S
2002;C;0;2355;NP;590;6;124;N;62;48;0;S
2003;C;0;500;NP;376;3;140;N;25;48;0;N
2004;V;0;1092;NP;374;12;51;N;62;0;0;S
2005;S;0;300;P;339;10;52;N;40;6;0;S
2006;S;0;532;NP;341;6;58;N;59;0;0;S
2007;C;0;400;P;459;10;70;N;31;6;0;S
2008;S;0;800;NP;940;15;116;N;48;120;0;N
2009;C;0;600;NP;895;12;122;N;24;24;0;S
2010;C;0;2315;NP;391;1;408;N;34;48;0;N
2011;C;0;500;P;389;6;56;N;34;6;129;S
2012;C;0;396;NP;400;6;89;N;24;24;0;N
2013;C;0;450;P;309;6;66;N;39;6;0;S
2014;C;0;5000;NP;529;3;197;N;61;48;0;S
2015;C;0;977;NP;2299;9;173;N;65;48;1150;S
2016;C;0;1500;P;480;10;67;N;45;6;0;S
2017;S;0;800;NP;518;10;79;N;46;18;0;N
2018;V;0;500;NP;717;15;76;S;70;192;100;S
2019;C;0;1500;NP;552;4;119;N;61;48;119;S
2020;V;0;350;NP;458;12;62;N;57;120;0;N
2021;S;0;700;P;471;15;56;N;44;6;0;S
2022;S;0;600;P;1059;10;145;N;50;6;0;S
2023;C;0;400;NP;409;12;57;N;30;24;0;N
2024;S;0;2500;NP;989;11;137;N;31;48;0;N
2025;C;0;350;P;441;10;54;N;18;6;90;N
2026;S;2;600;NP;547;12;75;N;32;72;0;N
2027;S;0;1400;P;650;12;88;N;36;6;0;S
2028;S;0;550;P;350;10;54;N;26;6;0;S
2029;S;0;1018;NP;899;12;114;N;44;48;0;N
2030;S;0;850;P;899;10;136;N;41;6;0;N
2031;C;0;400;P;425;12;58;N;22;6;0;N
2032;C;0;600;P;342;3;130;N;40;6;0;S
2033;C;0;600;NP;776;12;105;S;50;276;0;N
2034;S;0;544;NP;416;10;64;N;41;0;0;N
2035;S;0;500;P;750;10;113;N;40;6;0;S
2036;C;0;470;P;618;10;89;N;26;6;0;N
2037;C;0;600;NP;365;10;56;N;27;6;0;N
2038;S;0;300;P;375;6;80;N;33;6;0;S
2039;S;0;550;NP;335;6;75;N;51;240;0;N
2040;S;0;600;P;518;12;71;S;32;36;0;S
2041;C;0;1200;NP;771;5;188;S;37;36;0;N
2042;S;0;500;NP;445;5;109;N;25;0;0;N
2043;S;0;414;NP;332;6;69;N;35;48;0;N
2044;S;0;850;NP;387;12;53;N;34;6;0;N
2045;C;0;1300;P;317;9;52;N;31;6;0;S
2046;S;0;370;NP;704;12;97;N;33;48;0;N
2047;S;0;600;P;349;6;75;N;28;6;0;S
2048;S;0;2800;P;387;6;83;N;46;6;0;S
2049;C;0;450;NP;469;10;72;N;27;0;0;N
2050;C;0;825;NP;639;5;126;N;62;48;126;S
2051;C;2;832;P;2335;18;148;N;48;6;1000;S
2052;C;0;443;NP;596;6;100;N;66;48;0;S
2053;S;0;1550;NP;1770;5;295;N;59;0;295;S
2054;C;0;1072;NP;309;3;118;N;66;48;0;S
2055;S;0;1040;NP;759;6;156;N;33;48;0;N
2056;C;0;730;NP;690;6;154;N;21;48;0;N
2057;S;2;500;P;505;6;108;N;32;6;0;S
2058;C;0;800;NP;480;10;67;N;41;6;0;N
2059;C;2;500;P;775;12;84;N;31;6;150;N
2060;C;0;500;P;606;10;91;N;34;6;0;S
2061;S;0;500;P;359;9;59;N;29;6;0;S
2062;S;1;530;NP;360;10;55;N;57;6;0;S
2063;S;0;1000;P;480;10;67;N;27;6;0;N
2064;C;0;490;NP;303;5;51;N;29;0;100;N
2065;D;0;760;NP;498;4;151;N;55;0;0;S
2066;S;0;1583;NP;379;6;80;N;61;48;0;S
2067;S;4;368;P;473;9;77;N;49;6;0;S
2068;V;0;4023;NP;552;4;119;N;66;48;119;S
2069;C;0;688;P;348;10;51;N;60;6;0;S
2070;S;0;1500;NP;698;4;159;N;62;0;159;S
2071;S;0;1632;NP;2499;18;230;N;64;48;350;S
2072;V;0;483;NP;587;10;90;S;45;300;0;N
2073;S;0;480;P;398;6;89;N;33;84;0;S
2074;C;0;773;NP;699;6;131;N;63;48;0;S
2075;S;3;1200;NP;495;4;145;N;39;6;0;N
2076;C;0;600;NP;572;15;68;N;33;6;0;N
2077;S;0;800;P;429;10;60;N;29;6;0;S
